Date,Open,High,Low,Close,Volume,Dividends,Stock Splits,ret_1d,ret_5d,ret_20d,vol_10d,vol_30d,vol_zscore,rsi,bb_width,macd_diff,price_vs_sma50,momentum,ticker,anomaly_score,is_anomaly,anomaly_type
2025-07-03 00:00:00-04:00,490.9580057562307,497.2415119784696,490.59014753996934,495.9589538574219,13984800,0.0,0.0,0.015781265655180343,0.002794284049324469,0.07538758321613859,0.00942885940597616,0.008551175853991417,-0.9634094213895346,69.45258207150793,0.04288413152584771,-0.5504223214980897,0.09464189595785646,0.6818878857538913,MSFT,-0.17237438454896115,False,normal
2025-07-07 00:00:00-04:00,494.50736527479916,495.8694479262707,492.36978876052433,494.84539794921875,13981600,0.0,0.0,-0.0022452582003857913,0.0035891333001261128,0.06423198403195296,0.009071503401376644,0.00812730105320599,-0.8959976797068769,73.4445656256784,0.041951031204309826,-0.6328935238685851,0.08627183323200051,0.6734218586460263,MSFT,-0.17897892957269174,False,normal
2025-07-08 00:00:00-04:00,494.36815380384166,495.3226311177228,491.25622643335066,493.7517395019531,11846600,0.0,0.0,-0.002210101279708887,-0.0015882757137536396,0.05578459491247689,0.007821227988790327,0.008178360866166924,-1.1616236257173793,69.22564804017914,0.04078141595804524,-0.8331142075348996,0.078690339012582,0.6544683464833247,MSFT,-0.18670968388301123,False,normal
2025-07-09 00:00:00-04:00,497.41047691930333,503.8530622357068,496.85371365827956,500.6019592285156,18659500,0.0,0.0,0.013873813859313744,0.02329041542457122,0.06506608435498573,0.008464526398528233,0.008016342769809469,-0.17975954269928418,74.84875688427125,0.0415403650746226,-0.5877835032976773,0.08834276623534673,0.8278569522775575,MSFT,-0.15847709865228804,False,normal
2025-07-10 00:00:00-04:00,500.14458849842043,501.52657502305914,494.87521114411277,498.58367919921875,16492100,0.0,0.0,-0.004031706213070474,0.021157006548557122,0.06489414505358981,0.008696569059349369,0.007230748028917239,-0.5101675665165797,70.79089609706274,0.04000730402988924,-0.640677720279216,0.0787766015582008,0.7956810722927513,MSFT,-0.19709864356156037,False,normal
2025-07-11 00:00:00-04:00,495.59103056526646,502.1131401056752,494.9248868769196,500.41302490234375,16459500,0.0,0.0,0.003669084607950124,0.008980725139206447,0.0649570150532881,0.008196253493020639,0.006975850124923422,-0.5155718979322114,75.87852255786265,0.03859185590952127,-0.6307140184379616,0.07763460633484884,0.7399758423946259,MSFT,-0.1805905115877144,False,normal
2025-07-14 00:00:00-04:00,498.6234399223271,501.05930198422453,498.1362796464767,500.1147766113281,12058800,0.0,0.0,-0.0005960042528345699,0.010648535247467672,0.0504312420293489,0.008091692386030898,0.007010487015979028,-1.0807517730639757,70.3685581428817,0.03834296905556322,-0.71621505798384,0.07201239290550171,0.7227843370743886,MSFT,-0.19958489430807003,False,normal
2025-07-15 00:00:00-04:00,500.11477392946824,505.36427783294863,499.88612172349406,502.89862060546875,14927200,0.0,0.0,0.005566410200881,0.018525263551966598,0.06497395144155527,0.008187156810852102,0.00702431835805262,-0.6508757125480765,69.40942684724911,0.036645932190192965,-0.6587451138932892,0.0742616627184482,0.7961958562302657,MSFT,-0.2049736753341695,False,normal
2025-07-16 00:00:00-04:00,502.2623068754336,503.793421043838,498.99133023831314,502.69976806640625,15154400,0.0,0.0,-0.0003954127748910796,0.004190572568121054,0.05526566964648638,0.007000512929415358,0.007053912678744494,-0.6139036767278737,67.33311544552555,0.035501024876554876,-0.703523707762578,0.07060190526064632,0.7074275655188519,MSFT,-0.21015871894010946,False,normal
2025-07-17 00:00:00-04:00,502.75940886082554,510.40499725185873,502.6997578215743,508.7446594238281,17503100,0.0,0.0,0.012024854080743053,0.020379688803550566,0.07041254289857468,0.00734518125749089,0.007239100593624922,-0.29704686421326343,68.0791257230868,0.03483259830704913,-0.40997771467030475,0.07998479586584736,0.8262326008505545,MSFT,-0.19633823900424524,False,normal
2025-07-18 00:00:00-04:00,511.5085634207008,511.66767331118785,504.4992933518648,507.1041564941406,21209700,0.0,0.0,-0.003224609633338371,0.013371217891665843,0.062073103285092524,0.006397062744439387,0.007334996950769461,0.20715312115869314,67.83808679510028,0.033252920618782385,-0.40929407770588533,0.07299054111781596,0.7755532393929317,MSFT,-0.19794597130978858,False,normal
2025-07-21 00:00:00-04:00,503.7834776665751,509.1324405638626,502.6301736290422,507.1141357421875,14066800,0.0,0.0,1.9678892233532252e-05,0.01399550554831741,0.06841224003404078,0.006259099349506138,0.00729409891665093,-0.7956328863491294,66.60534161861369,0.028728095454108753,-0.4859439485045929,0.06952404182431698,0.8059785911217953,MSFT,-0.20112957287097305,False,normal
2025-07-22 00:00:00-04:00,508.01886761548803,508.2475501614973,502.3517761230469,502.3517761230469,13868600,0.0,0.0,-0.009391100116289741,-0.0010873851309504134,0.03965017714911845,0.007197274650158052,0.007608315513823809,-0.7480183678600909,67.61726103889404,0.026099615862540303,-0.9104988037802251,0.056471566930845055,0.6296554978267356,MSFT,-0.18379267054396742,False,normal
2025-07-23 00:00:00-04:00,503.8232255681408,503.8630030405687,497.80817995491657,502.94830322265625,16396600,0.0,0.0,0.001187468877313691,0.0004944007776370718,0.032156044693959274,0.0058068942393295865,0.007595015548396967,-0.24511563362630093,69.88686062717646,0.024560376061937145,-1.1867910542262496,0.05472930507131665,0.6446121836871761,MSFT,-0.18590896504421206,False,normal
2025-07-24 00:00:00-04:00,505.83158338819493,510.703277326071,504.37007217269974,507.9294128417969,16107000,0.0,0.0,0.009903820307622047,-0.0016024671059045037,0.03780448871834463,0.006257735692672876,0.007626188172567073,-0.28458339501515123,67.489740164263,0.024422340695556564,-1.0731527298814303,0.062408789437627454,0.6354221294004717,MSFT,-0.1894279888992499,False,normal
2025-07-25 00:00:00-04:00,509.51021364184703,515.2966076642933,507.41241445610984,510.74310302734375,19125700,0.0,0.0,0.005539529931540388,0.007175935134038136,0.03268679867542845,0.006344623087196744,0.007641842399685115,0.2895324035211097,72.12839270099039,0.025987808171110634,-0.8569442968258976,0.06539638542553501,0.6851995017767714,MSFT,-0.17949411163626683,False,normal
2025-07-28 00:00:00-04:00,511.110930710653,512.0256002286585,507.17377997770546,509.5400390625,14308000,0.0,0.0,-0.0023555168101395685,0.004783742257080004,0.033391132470274476,0.006450092239279574,0.007436397275299562,-0.5989777798930724,71.90937954841519,0.026368833240251483,-0.8421676266853613,0.06023106645703186,0.672368807861167,MSFT,-0.19263473060502517,False,normal
2025-07-29 00:00:00-04:00,512.5525759685828,514.6304711522027,508.60547322287385,509.6096496582031,16469200,0.0,0.0,0.0001366145746488634,0.014447791129892362,0.03047788660224815,0.0063334762618439235,0.007184047180654602,0.211905797033602,65.3976007382555,0.026699883613756508,-0.8712805129957886,0.05777450067980571,0.7297206453769556,MSFT,-0.19872957351092557,False,normal
2025-07-30 00:00:00-04:00,512.1946027794743,512.9701269930791,506.49771598970693,510.2757568359375,26380400,0.0,0.0,0.001307092944925925,0.014568999569797514,0.04306481740191792,0.006304323321067093,0.007089526564873418,3.0609660362183306,70.95494687775445,0.0249742622423534,-0.8863235345290441,0.056585496592537386,0.7581505631298162,MSFT,-0.11836172227578673,False,normal
2025-07-31 00:00:00-04:00,552.0232408256204,552.2420017670738,528.8280273057109,530.4187622070312,51617300,0.0,0.0,0.03947474498101644,0.04427652503801549,0.08635893638247216,0.01338675914859669,0.00975336391854285,3.919890247363284,82.46545523128589,0.03171267143835367,0.3532309943824501,0.09492949069036818,0.8196957648834989,MSFT,0.0348582120302644,True,price_spike
2025-08-01 00:00:00-04:00,531.9100652869249,532.7054326872741,517.8517174087783,521.0829467773438,28977600,0.0,0.0,-0.017600839364810383,0.02024470558429936,0.05065740365107807,0.014959391916337791,0.010497416561654328,1.1526170841647416,68.97593970007757,0.03357247042614439,0.43208890515380105,0.07275425409500225,0.6628217782959207,MSFT,-0.14833320717538406,False,normal
2025-08-04 00:00:00-04:00,525.218957545317,535.141297909759,525.0797515616827,532.54638671875,25349000,0.0,0.0,0.021999261369619383,0.045151206760079665,0.07618740908933375,0.016074991742044364,0.010911646134256785,0.6751256829978607,73.18805778739637,0.03909948306246279,1.1056858690288518,0.09263845976683459,0.7827164031191963,MSFT,-0.10971636947320151,False,normal
2025-08-05 00:00:00-04:00,534.077432699505,534.196734767709,524.194840165689,524.701904296875,19171600,0.0,0.0,-0.01473013922826194,0.02961532351044438,0.06268365722851188,0.01668394785539901,0.011087528624283517,-0.06239156415555481,65.37007600126009,0.03928820963736204,0.8820361033163113,0.07335188770600864,0.7190990974413706,MSFT,-0.16219935735001162,False,normal
2025-08-06 00:00:00-04:00,527.8338028961505,528.6291703469228,521.0034855448089,521.908203125,21355700,0.0,0.0,-0.005324358743501567,0.02279639221191254,0.04256124752152335,0.01695193249968889,0.011130896552317632,0.1727836205546574,59.63326231647957,0.039729926954310234,0.4280522814704124,0.06440015904427655,0.654953864406349,MSFT,-0.1883528765610602,False,normal
2025-08-07 00:00:00-04:00,523.7573865594029,525.0399748350125,514.56081112672,517.8318481445312,16079100,0.0,0.0,-0.007810482678871522,-0.023730144857860624,0.03860569398546532,0.01717142302070012,0.011275614044189804,-0.4298814240781432,57.580416776214356,0.03852220560127631,-0.22933346962057755,0.05351686285629057,0.40474810417123946,MSFT,-0.1845996457557864,False,normal
2025-08-08 00:00:00-04:00,519.5817267008259,521.629826851029,516.4101479520375,519.0249633789062,15531000,0.0,0.0,0.0023040592011676075,-0.003949435327264439,0.037193153555894476,0.017129081059418058,0.01115921437871038,-0.4862001308680649,58.2780324717931,0.0375511896731213,-0.6429383860268274,0.05318845399567476,0.46787971668044537,MSFT,-0.20387196328849988,False,normal
2025-08-11 00:00:00-04:00,519.2834381856256,524.5429245664681,516.7183220142601,518.7565307617188,20194400,0.0,0.0,-0.0005171863323104597,-0.025894187437824012,0.03727495171549067,0.017090063023647867,0.011132043012000332,0.0005588047420883407,62.1609564104369,0.03606190657371477,-0.9738715277142322,0.049970935917126987,0.4029783865225621,MSFT,-0.1766832281195968,False,normal
2025-08-12 00:00:00-04:00,520.7250669698358,527.9132904806338,519.6811434112465,526.183349609375,18667000,0.0,0.0,0.014316578986969253,0.002823403727655993,0.046301039712283165,0.017508442132453898,0.011365143653957788,-0.2017625323235916,65.64044032245616,0.036260837284194276,-0.7423269193164028,0.06205870966455258,0.5259561071118606,MSFT,-0.1740169315592246,False,normal
2025-08-13 00:00:00-04:00,529.0367402367135,529.6233593434064,516.3703308668756,517.5733642578125,19619200,0.0,0.0,-0.01636308970619149,-0.008305749634192394,0.029587433964046506,0.018594597802860584,0.011626716398343487,-0.11692604862299234,56.1893502797914,0.03460631190536837,-1.1921095710407528,0.04222848660554756,0.42951048209625275,MSFT,-0.17375018917801283,False,normal
2025-08-14 00:00:00-04:00,519.5418962511537,522.9123315064297,517.1358902118243,519.4623413085938,20269100,0.0,0.0,0.0036496797965830385,0.00314869232146453,0.02106691772824454,0.013129234995110713,0.011606946257432055,-0.05613385220762515,55.66309993215841,0.03420446588661256,-1.3726202881946783,0.04354568302526623,0.5213153408680177,MSFT,-0.21892187699681442,False,normal
2025-08-15 00:00:00-04:00,519.7507304052322,523.0614541020369,516.0820397908819,517.1657104492188,25213300,0.0,0.0,-0.004421169114183443,-0.003582203286685015,0.019841197959485468,0.012003233347666465,0.011371393803116374,0.5079842994881508,54.88346276586712,0.03323486423494802,-1.6388811425446281,0.036600726152104204,0.48971733323519584,MSFT,-0.20630055352516147,False,normal
2025-08-18 00:00:00-04:00,518.5775217659684,519.8003983365775,511.0512359172718,514.1134033203125,23760600,0.0,0.0,-0.005901990536563151,-0.008950494434428635,0.013802154356989504,0.009013757219150945,0.011431901464764593,0.2824195300640344,52.77806536151349,0.03221363689962171,-1.9894208401611726,0.028456974106150067,0.512682655198595,MSFT,-0.20036299358801685,False,normal
2025-08-19 00:00:00-04:00,512.0256106523992,512.1846598699071,505.61285057663105,506.8258056640625,21481000,0.0,0.0,-0.014175078123200624,-0.03678859082044894,0.0089061684533982,0.008938172917134665,0.011763802742737186,-0.0399105290312882,48.032661350018415,0.030831686505453555,-2.640161068327222,0.012292406116694124,0.42961212454178754,MSFT,-0.16810656296790544,False,normal
2025-08-20 00:00:00-04:00,506.925219770199,508.0486982628479,501.52658824278717,502.7991943359375,27723000,0.0,0.0,-0.007944763828371282,-0.02854507388157579,-0.0002964696088312291,0.009037920815844638,0.011609918097048647,0.6623335453597945,30.702962615176062,0.030885636152302845,-3.2308223048065248,0.0029367119252079166,0.422252948616677,MSFT,-0.16176805746772827,False,normal
2025-08-21 00:00:00-04:00,501.6041452591809,505.5278315490841,500.6381609615915,502.15185546875,18443300,0.83,0.0,-0.001287469977040212,-0.033323851342594635,-0.011374724965664496,0.008942080446295311,0.01158612761798549,-0.5052256830021274,34.945644199849454,0.032588105460242746,-3.529842783761219,0.00029059683584717013,0.37315982266898173,MSFT,-0.16444162039409915,False,normal
2025-08-22 00:00:00-04:00,502.1618461633245,508.6150227226763,500.32946944945456,505.1295166015625,24324200,0.0,0.0,0.005929802111420912,-0.023273379507704473,-0.01099101758302301,0.009250752564055616,0.011616095891015416,0.19786123930295696,24.796044548484033,0.03374931340449292,-3.3910090812481783,0.0048114330545772415,0.40015404087866396,MSFT,-0.15139886928681373,False,normal
2025-08-25 00:00:00-04:00,504.5319946732823,506.0855321115255,502.0323791323648,502.17181396484375,21638600,0.0,0.0,-0.005855335195253941,-0.023227539446250667,-0.01446054192564139,0.009266632477873715,0.011670850389973658,-0.19078755049583204,27.243820124196475,0.03550829499542734,-3.3560670065865055,-0.002106969689206509,0.38536576603573874,MSFT,-0.1696296002923794,False,normal
2025-08-26 00:00:00-04:00,502.2713680297872,502.88882606141556,496.4456179190968,499.96099853515625,30835700,0.0,0.0,-0.00440250800265396,-0.013544707179840021,-0.018933415270920073,0.006929899428896644,0.011654755384759692,0.9041377265971973,27.568430119706974,0.03782530529441197,-3.3327601605809423,-0.007594466930801972,0.43202473065847224,MSFT,-0.15652198893385166,False,normal
2025-08-27 00:00:00-04:00,499.9211487290224,505.1892506185915,497.82983904056124,504.6415100097656,17277900,0.0,0.0,0.00936175319339494,0.0036641181898895425,-0.011041572621650841,0.007048612669995839,0.011782542623933672,-0.7763130189709108,36.683018859879994,0.03876805327268506,-2.8705834156755228,0.0005732933241794245,0.5512814615132194,MSFT,-0.16889793191440117,False,normal
2025-08-28 00:00:00-04:00,504.9900522378754,508.9734875719172,503.4066403395377,507.5295104980469,18015600,0.0,0.0,0.005722875409566175,0.010709220668470687,-0.04315317130514762,0.007276547491892505,0.011619408324225838,-0.8609334951059489,38.77822178607437,0.03676928096693221,-2.265410812392563,0.005014151146976569,0.5206238217471899,MSFT,-0.18547371346579528,False,normal
2025-08-29 00:00:00-04:00,506.5535790393771,507.4896888132377,502.40083415821226,504.59173583984375,20961600,0.0,0.0,-0.005788381951071675,-0.0010646393529660791,-0.03164795746913329,0.007333507232455241,0.011653206802050921,-0.08524355272382281,36.857368723244306,0.037123632396583256,-1.9689593535217937,-0.0018755185134095716,0.46006849474109873,MSFT,-0.19248133070856294,False,normal
2025-09-02 00:00:00-04:00,498.3974910813857,503.90458943006223,494.75264396148896,503.0282287597656,18128000,0.0,0.0,-0.0030985586346867766,0.0017054218717695857,-0.055428332057341656,0.007239186009700743,0.011665997056317774,-0.7277160711848493,25.892849759592607,0.03370406160680135,-1.7893585994405135,-0.006084409476461056,0.4372598423402998,MSFT,-0.17407312961551452,False,normal
2025-09-03 00:00:00-04:00,501.70375627159575,505.68719181229375,500.2398424947412,503.2572937011719,16345100,0.0,0.0,0.00045537194199019027,0.006593104613506817,-0.040870083413247604,0.00589296181047674,0.01153641755299033,-1.119133702779897,31.94444336402354,0.03234111529673692,-1.57393650281784,-0.006419601351917974,0.5230769972192906,MSFT,-0.1791417016340141,False,normal
2025-09-04 00:00:00-04:00,502.2116394820944,506.04570238922344,501.0664078062513,505.866455078125,15509500,0.0,0.0,0.005184547565648234,0.0024273569337085465,-0.03073672333721278,0.005549802445380652,0.01157215263067449,-1.2049292696134881,33.15868658455123,0.0309218358361814,-1.1918755510961967,-0.0020007990384141167,0.5045488061174733,MSFT,-0.176306767753667,False,normal
2025-09-05 00:00:00-04:00,506.9619070760115,509.8498918622262,490.3310509759443,492.9501647949219,31994800,0.0,0.0,-0.025533004123011738,-0.02872610439699963,-0.04804973552469616,0.00999370081094891,0.01233683622739083,2.2595186274391117,26.251979007010334,0.03344193832980466,-1.7134783889372622,-0.027617895688988685,0.28891383217868394,MSFT,-0.09622038392631677,False,normal
2025-09-08 00:00:00-04:00,496.04724781279185,499.1244784694731,492.9800158612091,496.13690185546875,16771000,0.0,0.0,0.006464623177218298,-0.016755791630837513,-0.044098190141826366,0.010040996864548141,0.012354693108812003,-0.9838810340637222,32.41692833995717,0.03379861879912036,-1.7425739512123761,-0.021392037188660794,0.3208198339460358,MSFT,-0.18611121316787937,False,normal
2025-09-09 00:00:00-04:00,499.3535217605099,500.17013335375145,495.6389875077243,496.3460388183594,14410500,0.0,0.0,0.00042153075513740035,-0.013283926347198105,-0.043200404456504526,0.009951561217844128,0.012353764139462998,-1.3557756783128752,38.10207515455865,0.03354770800055326,-1.6475020606561976,-0.021105813522425323,0.339881998378102,MSFT,-0.1812109589180867,False,normal
2025-09-10 00:00:00-04:00,500.8971201283455,501.1460848531792,494.6630336933239,498.29791259765625,21611800,0.0,0.0,0.003932485859952983,-0.009854563789909898,-0.052995665925993585,0.009995150305750926,0.012383101089826085,0.08096901598910891,44.63693560128418,0.02881686504619817,-1.3646158590666144,-0.017402082183994406,0.33308448458736895,MSFT,-0.20765205842273932,False,normal
2025-09-11 00:00:00-04:00,500.17012751524385,501.08633106619584,495.8182290284252,498.9352722167969,18881600,0.0,0.0,0.0012790734278176341,-0.013701606010340539,-0.03601053170064539,0.009439500461514263,0.012382947545091219,-0.46947856614967676,46.16668156251046,0.026806360477341053,-1.05961963520401,-0.01652255079227466,0.3571217838599683,MSFT,-0.21312237977649195,False,normal
2025-09-12 00:00:00-04:00,504.55191069082485,510.42747218178897,501.7635178992086,507.7884521484375,23624900,0.0,0.0,0.01774414523211698,0.030100988727103317,-0.022473023031367778,0.011034990226761104,0.010435838484130716,0.4628817456997864,52.779503981795344,0.023005909731961986,-0.23002413758304785,0.0001581743313676616,0.592930855535855,MSFT,-0.1887923167360333,False,normal
2025-09-15 00:00:00-04:00,506.68306017742736,513.3353599697668,504.9004642300766,513.225830078125,17143800,0.0,0.0,0.010707959006712509,0.03444397737549165,-0.007618216543535894,0.011286067640387832,0.010197525029031325,-0.7728937244167491,60.9857307677514,0.021268314547823335,0.6674270225362617,0.010180713196555419,0.6489651966627982,MSFT,-0.17867559238505265,False,normal
2025-09-16 00:00:00-04:00,514.7395367165727,515.0880630075219,506.4938265025834,506.9320068359375,19711900,0.0,0.0,-0.012263262823754228,0.02132779792658357,-0.013968506632963118,0.012069006995791524,0.00948999204039952,-0.21110300768130424,56.40790718351389,0.019087855521208705,0.8101838707905948,-0.0026819229784476534,0.5625586908453015,MSFT,-0.17542811787041157,False,normal
2025-09-17 00:00:00-04:00,508.5054498653079,509.1726886784055,503.8348693472275,507.9079284667969,15816600,0.0,0.0,0.0019251529153794245,0.019285683576403256,0.002135098076382569,0.012072760343499096,0.009177284486482666,-0.9291230915998665,53.222005736108414,0.019292817869084815,0.9345209567698585,-0.0013182055051946747,0.5974167046730553,MSFT,-0.19151374035520363,False,normal
2025-09-18 00:00:00-04:00,509.37184097126715,510.9453149965379,505.55771489166153,506.3444519042969,18913700,0.0,0.0,-0.003078267683711111,0.014849981751301256,0.007051040670503994,0.012036206082920027,0.009150273473348043,-0.23488657560899975,48.799689893688885,0.01951408203126265,0.8766065146032358,-0.004617198014442589,0.5899538709780588,MSFT,-0.19838707167848785,False,normal
2025-09-19 00:00:00-04:00,508.44568153944795,517.1494779837726,508.1967168320822,515.78515625,52474100,0.0,0.0,0.018644826284158533,0.015748101532692793,0.027149756856964302,0.009370276491432222,0.0097248582642922,3.5663020611138214,60.01780767285569,0.022436905419927277,1.4077594703735121,0.013256275523910798,0.6786421620750129,MSFT,-0.08408122683770503,False,normal
2025-09-22 00:00:00-04:00,513.4548737162081,515.5959337012963,510.4174557013089,512.319580078125,20009300,0.0,0.0,-0.006719030452662422,-0.0017657918734566014,0.014234098860300692,0.009982745334784342,0.009787713354651882,-0.17359691680170786,58.04171901665626,0.02363701787790707,1.453427303607912,0.00597757254161037,0.5197510986803568,MSFT,-0.20135235482890357,False,normal
2025-09-23 00:00:00-04:00,511.67229848312854,512.4590659268906,505.2091838485409,507.1212463378906,19799600,0.0,0.0,-0.010146662244378102,0.0003733035188175915,0.009856053715896929,0.010839221308349857,0.009948704046980957,-0.18709401851837584,53.079388848129334,0.02368115363653878,1.0785152893677734,-0.004503657391836098,0.5134946556665005,MSFT,-0.20773967118943493,False,normal
2025-09-24 00:00:00-04:00,508.26644250853604,510.35772177145367,504.82077941210207,508.0373840332031,13533700,0.0,0.0,0.0018065456770510746,0.0002548799873967056,0.01615403105784252,0.01082235873494305,0.009551483819756179,-0.8261348408734349,51.7781111515051,0.023477943723920244,0.8473986100062133,-0.0029064127704020444,0.5214621090544581,MSFT,-0.2135797452326183,False,normal
2025-09-25 00:00:00-04:00,506.1950582100621,507.89799878212006,502.94857891661616,504.9303283691406,15786500,0.0,0.0,-0.006115801241625585,-0.0027928093807247922,0.0005723238252228757,0.011124756807629933,0.0091630850670069,-0.5495956197052279,61.69099969486357,0.02347652580387406,0.45984338487695925,-0.009091198641361334,0.46468893249583465,MSFT,-0.20676745910800715,False,normal
2025-09-26 00:00:00-04:00,507.94778361103766,511.8117209714621,504.52202659403474,509.34197998046875,16213100,0.0,0.0,0.008737149193587035,-0.012491976923834303,0.0035711607796820033,0.00994283662214519,0.009294097602116747,-0.4868869838559363,62.58546810486695,0.023695908794762723,0.4733300524380619,-0.0004569143249650509,0.46008680790585454,MSFT,-0.2008368683489491,False,normal
2025-09-29 00:00:00-04:00,509.3817950243417,514.7096154882738,506.77264973451184,512.4689331054688,17617800,0.0,0.0,0.0061392016521393256,0.0002915231686460018,0.015611031069532322,0.009509521054035214,0.009344768875746009,-0.3025761483192055,64.55675483703371,0.024585952101075108,0.6544097444239272,0.005467772009786834,0.5420315608555665,MSFT,-0.20933300167709806,False,normal
2025-09-30 00:00:00-04:00,511.11459757878936,516.0142062084105,507.54943619028296,515.8051147460938,19728200,0.0,0.0,0.006510017339799168,0.017123850501063576,0.02539993832519105,0.008657983228892866,0.009361193157562139,-0.06612194965067801,65.42111594196015,0.026108620794288214,0.942901943519039,0.0116683700346814,0.6915652980423753,MSFT,-0.2036383032412657,False,normal
2025-10-01 00:00:00-04:00,512.6681599915194,518.3545363078492,509.5710533372991,517.557861328125,22632300,0.0,0.0,0.003398079103759999,0.018739717969848524,0.028416016629944085,0.00867342529950922,0.008975647952430265,0.23709074573279107,66.0874846867668,0.027838030485482584,1.1803947928516374,0.01450096399547319,0.7075235124825249,MSFT,-0.19417032770680548,False,normal
2025-10-02 00:00:00-04:00,515.496404228155,519.439966484546,508.5652045551738,513.604248046875,21222900,0.0,0.0,-0.007638978318490808,0.01717844857081574,0.015296117959739064,0.009075879495156463,0.008965616026322272,0.038823448327806695,55.488717372208406,0.02845555162607652,1.0066155562946681,0.006330819342765126,0.6615899770033968,MSFT,-0.20426822552884505,False,normal
2025-10-03 00:00:00-04:00,514.9585548343116,518.3345307125708,512.8672756929882,515.20751953125,15112300,0.0,0.0,0.003121608690878075,0.011515916184654973,0.045151328320556905,0.006869721044141413,0.00896723798561809,-0.6083446317990076,52.01614754621994,0.0260126434239861,0.9365018620792902,0.0091843636650567,0.7321049493299266,MSFT,-0.20625879695413013,False,normal
2025-10-06 00:00:00-04:00,516.4623876768178,528.8309994124726,516.0541122577388,526.3811645507812,21388600,0.0,0.0,0.02168765904212222,0.027147463088165846,0.06095951053470117,0.009276078603734236,0.009703609330926698,0.13690758327616218,68.00005646997957,0.028023094303387123,1.5436636008740101,0.030439927320726767,0.8029077625474752,MSFT,-0.15410431625849608,False,normal
2025-10-07 00:00:00-04:00,526.1022689962125,527.6060256392368,519.2806599401652,521.8101196289062,14615200,0.0,0.0,-0.008683906700529431,0.011642003367431597,0.05130308055075594,0.009059110907504888,0.009790096385389127,-0.7027690725881246,62.06360343917748,0.027000244156679704,1.5351923872476938,0.021001197827557074,0.7094813562782392,MSFT,-0.19496995041926563,False,normal
2025-10-08 00:00:00-04:00,521.1130687043808,524.7678538085896,520.923853084141,522.676513671875,13363400,0.0,0.0,0.001660362669058335,0.00989000984472499,0.048923747135787954,0.009061182237594882,0.009730162600409875,-0.793090306568381,64.34567134526407,0.02611563163878263,1.4848040787517474,0.022173745334506247,0.6887169437518592,MSFT,-0.2020073164690946,False,normal
2025-10-09 00:00:00-04:00,520.1769452354545,522.158694647609,515.2574000210162,520.2366943359375,18343600,0.0,0.0,-0.004667933745094888,0.012913534719162234,0.0426937587003966,0.00891177739316822,0.009677677602072407,-0.18356521645140808,54.45845542523683,0.02391166644245633,1.1964054028899431,0.017006077711497987,0.7011209146418135,MSFT,-0.20489312912281155,False,normal
2025-10-10 00:00:00-04:00,517.4881335274953,521.4118200258811,507.5195762105422,508.84405517578125,24133800,0.0,0.0,-0.02189895346520787,-0.012351264518146832,0.0020788244058673744,0.011592990968845657,0.010497983689630012,0.5168894124223611,46.996062473987536,0.02373274215260625,0.1998698792517808,-0.0044255000235190346,0.42917024277210497,MSFT,-0.1722300648801554,False,normal
2025-10-13 00:00:00-04:00,514.2714464494894,514.2714464494894,509.56105349845876,511.9212341308594,14284200,0.0,0.0,0.006047390990968848,-0.027470455619858836,-0.002541953017187404,0.011587591103225714,0.010489919642330637,-0.6561018425259374,54.306595550908185,0.02376739582468306,-0.26529761873961055,0.0019543342940101355,0.37560248340533736,MSFT,-0.2033017952363757,False,normal
2025-10-14 00:00:00-04:00,508.11707238992415,513.1461778212379,503.9045785101632,511.4432373046875,14684300,0.0,0.0,-0.0009337311959395356,-0.019867154610936466,0.008899083916415584,0.011356394395739954,0.010471498359920917,-0.5724178215145916,53.07997960846091,0.023113439506965747,-0.5993074295506529,0.001846383432586177,0.4294255756051122,MSFT,-0.2142554825397307,False,normal
2025-10-15 00:00:00-04:00,512.8274957075639,515.0482414945574,507.888013925759,511.3038024902344,14694700,0.0,0.0,-0.00027263008733469096,-0.021758603809736488,0.006686003177167388,0.011264907794432568,0.010472703588035679,-0.5625060600869223,56.090559014823135,0.022635892703391277,-0.8106286172713149,0.0020992523363800356,0.4193864564070009,MSFT,-0.20603563673513348,False,normal
2025-10-16 00:00:00-04:00,510.4573477017149,514.7096236704256,506.02576365101777,509.4913330078125,15559600,0.0,0.0,-0.0035447995371724605,-0.020654754739745984,0.006214901914458837,0.011076000599905305,0.01046167914836412,-0.43748721804660357,50.15018386446596,0.021974329446224763,-1.0388947244641105,-0.0009667451456023351,0.42502253001190354,MSFT,-0.20678120654482052,False,normal
2025-10-17 00:00:00-04:00,506.93203901166436,513.3453425707617,505.2091921192977,511.4532470703125,19867800,0.0,0.0,0.0038507309847994886,0.005127684735610982,-0.008398669731371267,0.011106665247705948,0.009267975804190127,0.6843592745089817,48.95415921563022,0.021997255072765634,-1.022575300960804,0.0031311953195932935,0.5082598068530667,MSFT,-0.20174383449307726,False,normal
2025-10-20 00:00:00-04:00,512.4788764440519,516.5519656323323,511.30377036778043,514.6498413085938,14665600,0.0,0.0,0.006250022375636322,0.005330130879151795,0.004548452413459136,0.008394704199986225,0.009263910465279536,-0.8211348381900634,48.806998156803154,0.02197777948857911,-0.7726848360360761,0.00957405245823017,0.5957927037372438,MSFT,-0.20987397576598094,False,normal
2025-10-21 00:00:00-04:00,515.3569857054445,516.5420602391357,510.91543308707116,515.5162963867188,15586200,0.0,0.0,0.0016835817454483593,0.007963853630162943,0.01655432524164957,0.008144072965683662,0.009262821425848479,-0.48100517747836896,47.85245230827996,0.021151694497675757,-0.5364391709990617,0.011402327954981483,0.6397878476817855,MSFT,-0.21405612989428846,False,normal
2025-10-22 00:00:00-04:00,518.9919195722497,523.0549803520576,515.5661623300699,518.3843994140625,18962700,0.0,0.0,0.005563554532507453,0.013848120998402713,0.020366641719781642,0.008385423609524293,0.00928353674222224,0.4868837573898378,55.14581719181915,0.02066533052514547,-0.19216704104081983,0.017340645026762583,0.6749458819694626,MSFT,-0.19601065120555522,False,normal
2025-10-23 00:00:00-04:00,520.2964530626382,521.7802730707533,516.4623598997719,518.404296875,14023500,0.0,0.0,3.838360290164822e-05,0.017493847863062406,0.02668480728693501,0.008275078375512942,0.009286671611284065,-1.0240071417809808,53.562775051478454,0.018841278279339714,0.020438832611897606,0.017346514012559634,0.7081334547785312,MSFT,-0.18621789836517316,False,normal
2025-10-24 00:00:00-04:00,520.6250388201142,523.1744351060786,518.5536961256696,521.441650390625,15532400,0.0,0.0,0.00585904386582925,0.019529455287512043,0.02375549411933453,0.003525499681760152,0.008802683692786365,-0.5441999244717667,43.275417938102265,0.018698909073936062,0.3318941082489426,0.023227701185146988,0.750974606475062,MSFT,-0.1456237385340764,False,normal
2025-10-27 00:00:00-04:00,529.577902779321,532.3662956890146,526.819354031342,529.3189697265625,18734700,0.0,0.0,0.015106808844357555,0.02850312433920066,0.032880113373869424,0.005279239594040052,0.009005604832530248,0.42200624796245867,59.37819210925289,0.02166085718301359,0.9970981316158458,0.03819022285752382,0.8164186722429816,MSFT,-0.157870380037536,False,normal
2025-10-28 00:00:00-04:00,547.7224103521172,551.4269763883988,538.5306518978505,539.8252563476562,29986700,0.0,0.0,0.01984868712814336,0.04715459071094408,0.0465682501294824,0.0071575842383155225,0.009270810121409907,2.818391169757687,67.26147322549835,0.02933677299656678,2.0146558847630125,0.05773009964891912,0.8623299515314494,MSFT,-0.07043461945699958,False,normal
2025-10-29 00:00:00-04:00,542.6833492925585,544.0078586434945,534.507325873603,539.307373046875,36023000,0.0,0.0,-0.0009593535958009047,0.04036188908551663,0.04202334336674496,0.007221474549137035,0.009288049361571031,2.9913105083220635,69.96865894893901,0.03455521496816852,2.491591492428435,0.055371996934950325,0.8396946170248468,MSFT,-0.07586748649371355,False,normal
2025-10-30 00:00:00-04:00,528.2831883129468,532.7545848667123,519.9578228356851,523.582763671875,41023100,0.0,0.0,-0.02915704505607286,0.009989243584768381,0.01942841334149037,0.012980218369098283,0.010869634351158768,2.7898092023361376,64.14911592301945,0.03436001684144929,1.628537286864737,0.0237677063271248,0.5649347582552724,MSFT,-0.08785699665142355,False,normal
2025-10-31 00:00:00-04:00,526.6898137654194,527.1279940743384,512.9668501497666,515.6656494140625,34006400,0.0,0.0,-0.01512103683912347,-0.011076984303489246,0.0008892142786063317,0.01414512733818202,0.010745651789007656,1.6359723858477666,53.28899292999532,0.03431548072858564,0.46539048662138693,0.007754705274507838,0.39980784320426066,MSFT,-0.16253345210772174,False,normal
2025-11-03 00:00:00-05:00,517.657371934483,522.7860691817526,512.4590180581705,514.888916015625,22374700,0.0,0.0,-0.0015062732980567484,-0.027261546508321466,-0.021832560336697893,0.014032057702517394,0.010674358781306702,0.22358886449865903,53.01079006476671,0.03400146671198271,-0.3702527547739587,0.0058530667623987315,0.28494346796138115,MSFT,-0.20768695202100668,False,normal
2025-11-04 00:00:00-05:00,509.6407695643784,513.4150529816625,505.73698923396887,512.2001342773438,20958700,0.0,0.0,-0.005222061797499733,-0.051174193399579404,-0.01841663277514971,0.014117080970538265,0.01054650754981865,0.014485645689159166,50.749798440369396,0.03442054297352906,-1.0779958879653817,0.00020854485947067292,0.24204834062135955,MSFT,-0.176629138915051,False,normal
2025-11-05 00:00:00-05:00,511.17434154282535,512.6980347767452,504.4821687767013,505.0597839355469,23024300,0.0,0.0,-0.013940547578869977,-0.06350291285254028,-0.033704842814857194,0.014519434141295678,0.010860572122838044,0.21310667815918438,46.59632087661917,0.03613315344418452,-1.950104384555126,-0.01393127074680557,0.20397229191885605,MSFT,-0.15503474965355746,False,normal
2025-11-06 00:00:00-05:00,503.5659922381216,503.6058351018555,493.75677643867937,495.04144287109375,27406500,0.0,0.0,-0.019835950877711617,-0.05451157444645727,-0.04843036206241569,0.015462162984896052,0.011396596876580614,0.6985122826243633,38.78298159171366,0.041049644706787916,-3.058738500205397,-0.03312844051422334,0.16693124370484963,MSFT,-0.13819998757334712,False,normal
2025-11-07 00:00:00-05:00,494.89207027354036,497.31199999791255,491.2073803526309,494.7626037597656,24019800,0.0,0.0,-0.0005632641778654524,-0.04053604438854608,-0.027673412458658175,0.015113873985563946,0.011259631526844581,0.2790812714107804,35.84297786743734,0.04479937357916761,-3.6289821141894354,-0.033190892995259326,0.22305198091049727,MSFT,-0.16682645529622298,False,normal
2025-11-10 00:00:00-05:00,497.9692613740871,504.7510576229119,496.73437575016374,503.9045715332031,26101500,0.0,0.0,0.01847748335053323,-0.02133342579487285,-0.015659953256807024,0.015643760228563664,0.011740896663119694,0.47265245221961555,42.60527617147009,0.04589488431078457,-3.2223948085895087,-0.015300249139497858,0.2970147350878046,MSFT,-0.15522172095231745,False,normal
2025-11-11 00:00:00-05:00,502.70954902224156,507.48968986721945,500.26971300797675,506.573486328125,17980000,0.0,0.0,0.005296468707956636,-0.010985252780453258,-0.009521586407567284,0.013645550221022951,0.011717998671566155,-0.5846217231739533,42.459295933577316,0.04643152985023251,-2.6306134146320312,-0.010221959928696152,0.3830724145469617,MSFT,-0.19527786815699333,False,normal
2025-11-12 00:00:00-05:00,507.2506574723947,509.5511194130969,497.05307240824305,509.0233154296875,26574900,0.0,0.0,0.0048360784124728,0.00784764817989636,-0.004460141014872354,0.014013475517765543,0.011737567700114035,0.454574227738602,44.19093440611351,0.0466292886805317,-1.9617639494769326,-0.005659361521772874,0.49261528202930893,MSFT,-0.20117211618155562,False,normal
2025-11-13 00:00:00-05:00,508.1967287528611,511.3735209246628,499.2140928412288,501.205810546875,25273100,0.0,0.0,-0.015357852274828332,0.012452225494556046,-0.016262342309187883,0.011975292409810908,0.011981804255692957,0.22530563392956135,38.16956208656578,0.04797149174708561,-1.930437916190272,-0.020751992064180165,0.5027317721579436,MSFT,-0.18473456718912062,False,normal
2025-11-14 00:00:00-05:00,496.166765720741,509.4813936811572,495.3800287197931,508.0672607421875,28505700,0.0,0.0,0.013689885573804128,0.02689099152061636,-0.006620324237885833,0.012533686188967047,0.012251711841926359,0.602059333446636,37.42630483949772,0.048248551264570484,-1.3591649026773214,-0.007932224109045366,0.6096415745641534,MSFT,-0.18548634526775454,False,normal
2025-11-17 00:00:00-05:00,506.34444359286346,509.9992285471841,502.8190947602184,505.3883972167969,19092800,0.0,0.0,-0.005272655280872285,0.002944656126216527,-0.017995622165641656,0.012593262169071856,0.011544655652874799,-0.7187494727543161,27.545430408364695,0.04891344826352209,-1.0851533798209858,-0.013519466083425571,0.4189690213979254,MSFT,-0.19228812875515572,False,normal
2025-11-18 00:00:00-05:00,493.31862192366924,500.89712400975867,484.76419755903834,491.74517822265625,33815100,0.0,0.0,-0.02699551289518043,-0.029271780907743628,-0.04611128364064443,0.014920067804459763,0.012401311797495892,1.2028181033637297,23.519631093459353,0.052642232997929,-1.7090700044322875,-0.039977583712737325,0.2193817247759156,MSFT,-0.13550992555236852,False,normal
2025-11-19 00:00:00-05:00,488.0704229659532,493.13934080841636,480.8305097576304,485.1027526855469,23245300,0.0,0.0,-0.013507861045262248,-0.04699305909779061,-0.0642026395202756,0.014888523202510698,0.012559292484037685,-0.3033287018015053,26.165792428854942,0.05772350690257003,-2.4124142561347837,-0.05245724777499228,0.16510860188625598,MSFT,-0.16627998355599882,False,normal
2025-11-20 00:00:00-05:00,491.5879641710541,492.4460215630244,474.41716428973194,477.3404846191406,26802500,0.91,0.0,-0.016001286373730217,-0.04761582053826241,-0.0792119442361815,0.014476832367246808,0.01279783225787188,0.11920139466429935,26.21608036509714,0.06456238635073018,-3.1946390918260725,-0.0668319166299136,0.15374103344956497,MSFT,-0.15668540133318315,False,normal
2025-11-21 00:00:00-05:00,477.4103368698009,477.8293938228302,467.20362215472323,471.04486083984375,31769200,0.0,0.0,-0.01318895836861611,-0.072869091876263,-0.09664895298069831,0.014736622754467814,0.012443135339286026,0.80137463978104,24.53543919650454,0.07182423585972697,-3.884420190184275,-0.07781459768595228,0.11030755163940065,MSFT,-0.10507594345177729,False,normal
2025-11-24 00:00:00-05:00,473.9183160323131,475.8139832068258,466.9542001322548,472.92059326171875,34421000,0.0,0.0,0.003982067479795237,-0.06424327138074437,-0.10654894249109992,0.012774601687467307,0.012399884664351508,1.1207214752916717,26.968989031116863,0.07472550712735708,-3.949769637598208,-0.07267894426935123,0.1305602470261918,MSFT,-0.11244380365597983,False,normal
2025-11-25 00:00:00-05:00,472.9904142849383,478.0588322743821,463.8313270788984,475.90374755859375,28019800,0.0,0.0,0.006307939090366643,-0.032214714786465426,-0.11841148230362908,0.01287977135769134,0.012502760948235441,0.08238775019979991,32.02865678006816,0.0709147708972581,-3.540636296549893,-0.065692567805289,0.1650803873453403,MSFT,-0.16289904849765519,False,normal
2025-11-26 00:00:00-05:00,485.2025316262965,487.1979770584782,480.10418316215106,484.3943786621094,25709100,0.0,0.0,0.01784106796189966,-0.001460255625258644,-0.10182133070892163,0.014647647716723214,0.013031341568257618,-0.22711654227645897,43.31134089902368,0.062377205913883134,-2.4960096521044655,-0.04814472592476202,0.2547399771567366,MSFT,-0.17916631279714906,False,normal
2025-11-28 00:00:00-05:00,486.48962635446395,491.5081706450152,485.54177754838196,490.88958740234375,14386700,0.0,0.0,0.013408926747197292,0.02838456661394151,-0.06244127679118905,0.015170223603370177,0.013313939784903856,-2.1036977993025445,47.743176136893474,0.057765904886691276,-1.2294834541725228,-0.03479511331343851,0.46101420759856143,MSFT,-0.11970081765336749,False,normal
2025-12-01 00:00:00-05:00,487.32770213243884,488.7444513856018,483.5463243869077,485.6315612792969,23964000,0.0,0.0,-0.01071121950431042,0.030966690547150844,-0.05824333687708805,0.014308812707089084,0.01339045428724328,-0.241527868025731,38.84742784445021,0.05550608857422779,-0.6375300609388077,-0.044000027341704516,0.4949847777294392,MSFT,-0.1857998761077012,False,normal
2025-12-02 00:00:00-05:00,485.6116258193264,492.3761849539621,485.2125428025972,488.8841552734375,19562700,0.0,0.0,0.006697657758429676,0.0337552693605887,-0.050505574956673516,0.014723661590729726,0.013399793685023092,-1.067465327906719,39.28004189342707,0.0523255348064844,0.04516394541349822,-0.036708251161629867,0.4994596740169051,MSFT,-0.18208715706082668,False,normal
2025-12-03 00:00:00-05:00,475.23529714339696,483.13724409881166,474.1178525596479,476.64208984375,34615100,0.0,0.0,-0.02504083083412756,0.0015514529754052653,-0.06942216929279432,0.014381912373016533,0.014045137704422847,1.6327182552159798,32.458473381607604,0.05128722274529842,-0.23999144162693842,-0.05970046842565206,0.31140756824392085,MSFT,-0.15134141644106008,False,normal
2025-12-04 00:00:00-05:00,478.6674679630734,480.2239129901724,475.40489514051177,479.7449951171875,22318200,0.0,0.0,0.006509927133071081,-0.009598343312247737,-0.05012236100269252,0.014151394756000031,0.014064955108189128,-0.614207112710123,37.74846181814606,0.050742804991310585,-0.13700059083710947,-0.052521534997744854,0.28264389525395495,MSFT,-0.20943631888431358,False,normal
2025-12-05 00:00:00-05:00,481.4211657314621,482.299166614698,477.78947078944657,482.0597229003906,22608700,0.0,0.0,0.004824912832363637,-0.017987475653493457,-0.02622350140104024,0.013202216692963016,0.014121575131579687,-0.5148897399751861,34.33987351730191,0.051108911390270614,0.15388645755827657,-0.04708920120338432,0.30496440104779343,MSFT,-0.2003593932780352,False,normal
2025-12-08 00:00:00-05:00,483.7858099301447,491.17890888246444,483.2769615726175,489.9018249511719,21965900,0.0,0.0,0.01626790556904023,0.00879321694130808,-0.009824466868870174,0.012952812235617058,0.014453510955456984,-0.6079507508165765,41.22083205811784,0.05089197965501135,0.8996877971515156,-0.03084247687204536,0.49439516392253974,MSFT,-0.18842095947969956,False,normal
2025-12-09 00:00:00-05:00,487.9862027558801,490.99931449735556,487.3875630167038,490.8995361328125,14696100,0.0,0.0,0.0020365533068591457,0.00412240985443213,-0.02580852831086833,0.012967861046041498,0.014113815797039648,-1.670837804892214,49.44038108908952,0.049031332524911375,1.4526808567121527,-0.028039263332194298,0.4140805455044904,MSFT,-0.16182493353634342,False,normal
2025-12-10 00:00:00-05:00,482.92772884397027,483.14722906115725,473.99809828560024,477.4701843261719,35756200,0.0,0.0,-0.027356619467261645,0.0017373507293352297,-0.05745129342024413,0.016212359614270592,0.014177719322932568,1.6086989339053497,45.36533062553455,0.046986905795777745,0.9318242025236403,-0.05319153830182033,0.3060339249186532,MSFT,-0.13607783797143636,False,normal
2025-12-11 00:00:00-05:00,475.5445986070271,484.92318635563356,474.7763326037194,482.3690185546875,24669200,0.0,0.0,0.010259979343901993,0.005469621286740223,-0.05236360706287102,0.01546886359325665,0.014406418251375001,-0.14184527685979012,53.16344878049022,0.042248598502702114,0.9327417171035197,-0.042140545496971465,0.35115046543039663,MSFT,-0.20189026986150327,False,normal
2025-12-12 00:00:00-05:00,478.72734800157895,481.3513637649093,475.2552617920193,477.4402770996094,21248100,0.0,0.0,-0.010217781958397731,-0.009582725088475796,-0.04741671574264994,0.01493575671943155,0.013643123379727382,-0.6470573541803503,54.09375881748139,0.04027106443738349,0.6313502464258445,-0.0505641221382491,0.2753568328914954,MSFT,-0.20230982166117956,False,normal
2025-12-15 00:00:00-05:00,479.0066832317436,479.6252664455081,471.44392797474177,473.73870849609375,23727700,0.0,0.0,-0.007752945826024926,-0.03299256224793423,-0.06756694417968678,0.014787415486943905,0.013482399339330549,-0.22032778461749708,50.5117210138626,0.034572678919130136,0.2331531289723605,-0.05636872135056126,0.18454894631394986,MSFT,-0.19734174885455202,False,normal
2025-12-16 00:00:00-05:00,470.8353364785088,476.80172935648005,469.8076832860371,475.3051452636719,20705600,0.0,0.0,0.003306541643073313,-0.03176697006477014,-0.05952501505534202,0.014593801324638044,0.01352608097421819,-0.7195404099399021,49.61882615061925,0.027547886970595816,0.13081465106236045,-0.05131823751767232,0.20292493661585861,MSFT,-0.18875393926949774,False,normal
2025-12-17 00:00:00-05:00,475.8239455574328,478.9069051052783,473.9182915104317,475.0357360839844,24527200,0.0,0.0,-0.0005668130933824678,-0.005098639291211682,-0.03397987998390917,0.012306935963485467,0.013521357212677816,-0.03532405612398321,43.34375189058594,0.026274696257490338,0.1018218362678649,-0.050082295760304894,0.34825829974094324,MSFT,-0.2173265747729825,False,normal
2025-12-18 00:00:00-05:00,477.10104539067044,488.4850656489584,476.8017407441929,482.87786865234375,28573500,0.0,0.0,0.01650851077648796,0.0010548979683249193,-0.004586418075111065,0.013286068660567514,0.013767251250754654,0.5994168660967978,44.408863755082535,0.02601624273057066,0.6377480851908492,-0.03286118571663798,0.44704871082768055,MSFT,-0.18491997545072691,False,normal
2025-12-19 00:00:00-05:00,486.2501387748106,486.73904362092316,481.39123391446003,484.8134460449219,70836100,0.0,0.0,0.004008420178750471,0.01544312304379436,0.015655410899714006,0.013260598773584023,0.013348357692502408,3.6772679403191533,49.40129869465655,0.026091479159024357,1.1212644099885214,-0.027604697772455646,0.5921928087093555,MSFT,-0.09539944321745802,False,normal
2025-12-22 00:00:00-05:00,485.01298390813173,487.6170561484318,481.5908021440126,483.81573486328125,16963000,0.0,0.0,-0.0020579280335145667,0.02127127504353088,0.027111799926376134,0.012075681232662875,0.01335096980399781,-0.7899907289311311,46.1643135704351,0.024313228042143295,1.3568332724662202,-0.028630570989091737,0.6597058239806951,MSFT,-0.1973779915128182,False,normal
2025-12-23 00:00:00-05:00,483.8755963136496,486.71908182827985,483.63612214595605,485.7413330078125,14683600,0.0,0.0,0.003980023810253641,0.021956816264530943,0.02710970917478872,0.012148676601021702,0.012888801752030435,-0.8884628695275933,58.1603452244551,0.02304129720345563,1.6081108343976913,-0.02373821076002728,0.6620223955109089,MSFT,-0.1965102341382053,False,normal
2025-12-24 00:00:00-05:00,484.5739628623746,488.04604888584674,483.7258924615979,486.90863037109375,5855900,0.0,0.0,0.0024031254578502637,0.024993686548690164,0.023124177670286405,0.00785985402591355,0.01284972702450116,-1.4359678916059704,56.65552581427492,0.022558255076656344,1.8040037255962602,-0.02042606352133201,0.7542762334989842,MSFT,-0.16251796615917152,False,normal
2025-12-26 00:00:00-05:00,485.601642461088,487.00843522519267,484.85335038112265,486.599365234375,8842200,0.0,0.0,-0.000635160515604416,0.0077069106364668905,0.0045520482263972095,0.007322426331167373,0.012799263703415642,-1.1003815193036592,54.38090148710197,0.022791419407543707,1.8565710904707426,-0.020074185274788107,0.6181362543269233,MSFT,-0.18893199698899088,False,normal
2025-12-29 00:00:00-05:00,483.7558335295542,487.23790659993216,483.0773893732932,485.9907531738281,10893400,0.0,0.0,-0.001250745693541444,0.002428371445781119,-0.009979503241123844,0.00628564731164747,0.012525797964004388,-0.923332117276795,45.61325080375346,0.02166285808015668,1.7932140015813545,-0.020372585389666558,0.5575085508897877,MSFT,-0.17606767150379854,False,normal
2025-12-30 00:00:00-05:00,484.82341501264875,488.56487537463653,484.39440153201394,486.3699035644531,13944500,0.0,0.0,0.0007801596803003186,0.005279217927655067,0.0015203754121977386,0.005356008037891511,0.012223585135294448,-0.6522635566341548,44.847969851129186,0.02176534917832558,1.7194685887960022,-0.018615918209798042,0.6245846788909232,MSFT,-0.17413776754400584,False,normal
2025-12-31 00:00:00-05:00,486.7290680267604,487.0284031238816,482.1993981667827,482.5186767578125,15601600,0.0,0.0,-0.007918308222643278,-0.006634511067947657,-0.013020423032660378,0.006296261564929836,0.01226211240256732,-0.5134219724766588,57.341860328234844,0.020907886540817443,1.3691860257210333,-0.025122727734866693,0.4989234224939113,MSFT,-0.1745603727214053,False,normal
2026-01-02 00:00:00-05:00,483.2869444224563,483.5563186075122,469.0893385249197,471.8630065917969,25571600,0.0,0.0,-0.022083435687120456,-0.03090030211177397,-0.010026565747728644,0.00979499737956052,0.011938019725406791,0.25047872116603287,36.91276595266028,0.02250165981315733,0.4265733943449037,-0.04496674987331065,0.37566697378457325,MSFT,-0.15297684828874814,False,normal
2026-01-05 00:00:00-05:00,472.98042932285466,474.9858617296903,468.4308161640092,471.773193359375,25250300,0.0,0.0,-0.0001903375156925291,-0.030468950299305964,-0.016616748145262483,0.007761537099277812,0.011714135682885903,0.21544664331334595,41.97284844011754,0.024405476706355025,-0.16457087809082704,-0.04334352142987282,0.3910811382727181,MSFT,-0.1860206247076971,False,normal
2026-01-06 00:00:00-05:00,472.72102257015473,477.64977534720424,468.68025764779384,477.4203186035156,23037700,0.0,0.0,0.011970000253572977,-0.01763497456349139,-0.009624127626679302,0.008816740159135037,0.011579961265778777,0.04971643070242139,54.9424185234034,0.0247290924783934,-0.1379397312753432,-0.03028053636125226,0.435755008409598,MSFT,-0.1966439660592199,False,normal
2026-01-07 00:00:00-05:00,478.6674756822987,488.5848422406915,476.86159994291296,482.3690185546875,25564200,0.0,0.0,0.010365499243197629,-0.008226012712637787,-0.01537615500255618,0.009572328601069123,0.011447688549316276,0.22347748693606587,58.693508082908664,0.023357859772670953,0.2302475533076369,-0.01867128688701627,0.4272960787483609,MSFT,-0.19958941077061693,False,normal
2026-01-08 00:00:00-05:00,480.14408679814625,481.5608665012806,474.7763335277468,477.0212097167969,18162600,0.0,0.0,-0.011086551233978836,-0.011393273060339881,-0.028271215176420283,0.010007021172027782,0.011634843856778763,-0.3397696785025634,52.17202024997662,0.021565854002459344,0.1355907049984828,-0.02748143012101034,0.36904058731808964,MSFT,-0.20193316963477176,False,normal
2026-01-09 00:00:00-05:00,472.9804540365218,478.72734693664125,471.1247042989064,478.1885681152344,18491000,0.0,0.0,0.0024471834263524173,0.013405504214297759,0.0015045626148915137,0.010009069456687449,0.011587969931878385,-0.2573005496281392,43.992837943038474,0.021486286226965287,0.17126790313481433,-0.02264519682547039,0.5928965950218861,MSFT,-0.20995345666272563,False,normal
2026-01-12 00:00:00-05:00,475.5845048686955,479.89464390147504,474.59673866594744,476.09332275390625,23519900,0.0,0.0,-0.00438162996992264,0.009157216762929465,-0.013010155211843788,0.010032370097696256,0.01112403512243767,0.1315598978870957,38.8747209206735,0.021770551663379496,0.07816359480696855,-0.024406646513292676,0.5244582830049889,MSFT,-0.19769140403036284,False,normal
2026-01-13 00:00:00-05:00,473.5990225282599,474.6965236309785,464.888922501957,469.5981750488281,28545800,0.0,0.0,-0.013642593572847694,-0.016384186533090483,-0.01642530474894377,0.01065691016712924,0.011052540145142174,0.48492482811651505,34.09242543510136,0.023796306298111882,-0.3717474244175927,-0.03558252961343809,0.3712899521623335,MSFT,-0.1848317367750697,False,normal
2026-01-14 00:00:00-05:00,465.39775666549855,467.13381499707015,456.1289340170423,458.3338928222656,28184300,0.0,0.0,-0.023987065591537404,-0.04982725840154045,-0.03251753634979804,0.012330753906376338,0.011685145994361814,0.43833851774923055,24.63528335896777,0.030718649414397836,-1.3252206344834012,-0.056494256836801114,0.23949264647574536,MSFT,-0.1337043702125958,False,normal
2026-01-15 00:00:00-05:00,463.0630900555096,463.1927988881192,454.8618076165624,455.6200866699219,23225800,0.0,0.0,-0.005921024377300688,-0.04486409117863055,-0.04141562276341415,0.01230970055595197,0.01159322811281155,0.053868020166812386,21.849257252641294,0.03766145215236302,-1.9956423754602381,-0.05978650272189851,0.23297377318225415,MSFT,-0.1606193345460929,False,normal
2026-01-16 00:00:00-05:00,456.78739866953146,462.13520850615447,455.4404972994736,458.8127746582031,34246700,0.0,0.0,0.007007346870100184,-0.040519148195868326,-0.03415103368752259,0.011398536593294858,0.01087815485002252,0.8347635765449971,26.23315915210202,0.04173474820467895,-2.0720211936908433,-0.05110731667614331,0.26227746547552233,MSFT,-0.17031041749039771,False,normal
2026-01-20 00:00:00-05:00,450.1924514863621,455.7597309230742,448.2568669541529,453.48492431640625,26130000,0.0,0.0,-0.011612253703628728,-0.04748732518810461,-0.06087034888960596,0.011683159870375302,0.010937546552373032,0.24216104202009872,24.27354192183668,0.04692762721847447,-2.3110998078735623,-0.06012106607953267,0.205120062948218,MSFT,-0.16141154838666205,False,normal
2026-01-21 00:00:00-05:00,451.56931960591265,451.65911099901973,437.68100562513575,443.0986328125,37980500,0.0,0.0,-0.022903278470751354,-0.056430249614093486,-0.08604302040863088,0.01162959586867923,0.011513385307292207,2.0232235635250304,20.43626079179171,0.055290926197537775,-2.9571730397014457,-0.07966580211408261,0.17368301839509206,MSFT,-0.09433669018163077,False,normal
2026-01-22 00:00:00-05:00,446.600636936346,451.8087507279656,443.6873036586902,450.1126403808594,25349400,0.0,0.0,0.015829449808587803,-0.01793725615791264,-0.06966101359218058,0.01263999060999998,0.011488675234874061,0.4473034567979234,28.77680327921088,0.0587105668221391,-2.70728795462278,-0.0633601418514776,0.24742855565646782,MSFT,-0.17110069548895918,False,normal
2026-01-23 00:00:00-05:00,450.8409629929935,470.0271819611143,449.50401819491054,464.888916015625,38000200,0.0,0.0,0.032827950848620446,0.020343329051728087,-0.04292905621818288,0.01763605923227561,0.013182155926562243,1.7152554283757782,45.66645794004543,0.05749920847366618,-1.4073926723782453,-0.03103881968702506,0.43410524637121134,MSFT,-0.10955203761200544,False,normal
2026-01-26 00:00:00-05:00,464.25036221183507,473.1700058760031,460.94790240319116,469.20904541015625,29291200,0.0,0.0,0.009292820813103786,0.022659069943503418,-0.036350937027852415,0.017976143986358512,0.012400280083074219,0.6627636043891262,48.486276638251006,0.055322395421523826,-0.1815930922994493,-0.020508817668930406,0.4589896828536643,MSFT,-0.17508041272633512,False,normal
2026-01-27 00:00:00-05:00,472.62128861771004,481.7703893732875,472.0825097961169,479.485595703125,29213900,0.0,0.0,0.02190185886971885,0.05733524973495596,-0.014619356373026915,0.019412560188487873,0.012920127555230605,0.5818131712953764,51.15603173600764,0.05371424035127331,1.3140450514514805,0.002179769689667327,0.5657749732640939,MSFT,-0.113984006988674,False,normal
2026-01-28 00:00:00-05:00,482.10959164059926,482.63838346935967,476.9114647448887,480.533203125,36875400,0.0,0.0,0.0021848569201308177,0.08448360599735971,-0.011229740510877773,0.018730234130299207,0.012783560887371027,1.535565052799513,48.92548177111359,0.05239050453312941,2.308444408334055,0.0052380779519281585,0.5845395706745773,MSFT,-0.0775957076446736,False,normal
2026-01-29 00:00:00-05:00,438.98802836564175,441.49232224197124,420.06122635013605,432.5128173828125,128855300,0.0,0.0,-0.09993146244609463,-0.03910093034302464,-0.11073276900346596,0.037066783617468194,0.022311545429659237,4.097859722375654,32.627159524372516,0.06055662997865673,-0.2001171569467477,-0.09234767133853541,0.08333629060276161,MSFT,0.11527302990324695,True,price_spike
2026-01-30 00:00:00-05:00,438.1699022937122,438.5989157576861,425.47886802078926,429.31011962890625,58566800,0.0,0.0,-0.007404862064634643,-0.07653182332598985,-0.11027253387667912,0.037073260933782756,0.022296511139458002,1.0152446097678913,31.219805272992275,0.06846702971108472,-1.9121475695544534,-0.09618274144163713,0.04683964283195131,MSFT,-0.049255886987538355,False,normal
2026-02-02 00:00:00-05:00,429.2602343395754,429.7590957240154,421.28843915961005,422.4058837890625,42219900,0.0,0.0,-0.01608216420757036,-0.09974906084809398,-0.1048124606333447,0.036941696440835954,0.022414504488505217,0.2997053025794652,30.10721026387762,0.07915053962131793,-3.2670455658922872,-0.10811415569890609,0.04871056481217396,MSFT,-0.038896603902463744,False,normal
2026-02-03 00:00:00-05:00,421.0489834358989,421.0888704228976,407.6296003977664,410.2735595703125,61424100,0.0,0.0,-0.028721958392058156,-0.14434643449782658,-0.13035847448461302,0.037540078352126124,0.02253249657764426,1.0011395493819988,28.899921130251926,0.09318961030188629,-4.653272019560038,-0.13098481827959071,0.024894863595399972,MSFT,0.020995759952559423,True,multivariate
2026-02-04 00:00:00-05:00,410.0640575889883,418.84400576689177,408.3080557741746,413.2467956542969,45012400,0.0,0.0,0.00724696002125591,-0.1400244708026972,-0.1344172429379008,0.037536955554541715,0.02258563350732465,0.2898175792738888,32.95874611168735,0.10152187597495452,-5.011858944647136,-0.12230399476797038,0.023887551911031327,MSFT,0.021410469986069325,True,multivariate
2026-02-05 00:00:00-05:00,406.51216038211834,407.37018733348754,391.4265972483441,392.7735290527344,66289200,0.0,0.0,-0.04954246909318927,-0.09188002466735057,-0.18574055558212732,0.03892433203548354,0.0239888261064914,1.052513961996929,29.05778563571151,0.11565224816071237,-6.192421588512563,-0.16300436723717585,0.009065542290924336,MSFT,0.07220831676749462,True,price_spike
2026-02-06 00:00:00-05:00,398.2609865133262,400.87501513504304,392.0252195920243,400.22650146484375,53515300,0.0,0.0,0.018975241101618856,-0.06774500957303842,-0.1609880371934519,0.03733313382262608,0.024370819269376395,0.4779943876518852,31.01642901260989,0.12352576901081434,-6.029994529549052,-0.1444715712067908,0.026750977322781803,MSFT,-0.0016131266354848517,False,normal
2026-02-09 00:00:00-05:00,403.9280678877113,413.94521298339265,399.9571203178888,412.65814208984375,45480500,0.0,0.0,0.03106151286708836,-0.023076718562202836,-0.13703888046440926,0.039431408351023406,0.02526241373279459,0.09929567802101938,37.35320853592423,0.12435290350113824,-4.70285168617009,-0.115505989764271,0.09840565938126915,MSFT,-0.0033591097235364797,False,normal
2026-02-10 00:00:00-05:00,418.66440278178237,422.7151545880433,411.76017861216997,412.328857421875,44857900,0.0,0.0,-0.0007979599440377516,0.005009579105499817,-0.13393270244411992,0.03788392578073425,0.02526142121882469,0.029478762724871852,39.83520404955523,0.12404767524714047,-3.51891226433057,-0.11347302064282508,0.2288374513857765,MSFT,-0.03944266732349988,False,normal
2026-02-11 00:00:00-05:00,415.2322299614449,415.51159110220135,400.096793508188,403.4491271972656,42491000,0.0,0.0,-0.02153555363583015,-0.023709000432824978,-0.14086308543401904,0.03747740809404755,0.025423425108832103,-0.10176776710822337,34.77241528991597,0.12630193568414566,-3.0244431808323284,-0.1292909828563055,0.09431937020237802,MSFT,-0.04014541017536577,False,normal
2026-02-12 00:00:00-05:00,404.07770370563327,405.2749831551046,397.1036315998776,400.9248962402344,40802400,0.0,0.0,-0.006256627631262779,0.02075335170157455,-0.1252558396424187,0.023428585849125196,0.025392475402474402,-0.2040771058091323,27.31262159443456,0.13016237223081145,-2.575555201131948,-0.13156349352938496,0.33580569819816863,MSFT,-0.08190729647848927,False,normal
2026-02-13 00:00:00-05:00,403.528974460687,404.61648859375555,397.1435245648219,400.4060974121094,34091600,0.0,0.0,-0.001294005019369382,0.0004487357698910177,-0.12118427363763873,0.0235052835118633,0.02540488410193702,-0.5297010227263809,24.919999988557123,0.1332978488243657,-2.044915819191168,-0.12935003957009297,0.20662612359809002,MSFT,-0.083313149129152,False,normal
2026-02-17 00:00:00-05:00,398.31087932693146,399.60790672873594,393.6315571718042,395.95623779296875,32078800,0.0,0.0,-0.011113366274641656,-0.04047394827178441,-0.13699822746230195,0.023336705548341816,0.02524197535341749,-0.612406095855058,18.20116279578224,0.13563907851822551,-1.7370635745671912,-0.135994186391988,0.07279859768474281,MSFT,-0.05329936465597085,False,normal
2026-02-18 00:00:00-05:00,397.2233488345012,401.6432531481791,395.41747315874426,398.69000244140625,23223400,0.0,0.0,0.006904209070364153,-0.033077614469544936,-0.12083074637508429,0.022208158142046207,0.025326622007891503,-0.991347836338009,19.23799211086336,0.13693459253104182,-1.1225868771152498,-0.12694058429317387,0.09377418115400103,MSFT,-0.05264932162094804,False,normal
2026-02-19 00:00:00-05:00,400.69000244140625,404.42999267578125,396.6700134277344,398.4599914550781,28234000,0.91,0.0,-0.0005769168650320289,-0.012366207796374984,-0.10074199749632495,0.021957733739530836,0.02513492693696838,-0.7406621082262068,30.024400150456145,0.13906941855841248,-0.5347184313100755,-0.12423777958305715,0.16861947215150333,MSFT,-0.10325524586992813,False,normal
2026-02-20 00:00:00-05:00,396.1099853515625,400.1199951171875,395.1600036621094,397.2300109863281,34015200,0.0,0.0,-0.0030868355547025716,-0.009215903747948562,-0.11748754567253439,0.01489247127582815,0.0249579613621747,-0.5155405939450154,30.73575350067601,0.13922214296362714,-0.056941542275041,-0.12337006757930304,0.2102084064436053,MSFT,-0.11471230003479183,False,normal
2026-02-23 00:00:00-05:00,395.0,395.3599853515625,383.1000061035156,384.4700012207031,43238300,0.0,0.0,-0.032122471647954565,-0.039799833954587305,-0.17298522727571108,0.01677385528061688,0.02539343283084047,-0.12141634757206908,28.716190876079793,0.13638250007256655,-0.40890351439063366,-0.14752509039657855,0.08802954290253148,MSFT,-0.0540300311773666,False,normal
2026-02-24 00:00:00-05:00,384.1400146484375,389.3599853515625,381.7099914550781,389.0,33884700,0.0,0.0,0.01178245055508631,-0.01756819852552982,-0.17094522408459112,0.012993268938213648,0.025567778299573816,-0.5482115759974013,36.9514237667067,0.12693256299503594,-0.15813937524815458,-0.1340836398543919,0.17990046926389403,MSFT,-0.11868476517867682,False,normal
2026-02-25 00:00:00-05:00,390.5299987792969,401.4700012207031,390.1600036621094,400.6000061035156,43625500,0.0,0.0,0.029820067104153303,0.004790698664158377,-0.1645212917896529,0.017224150416001543,0.02641534753744107,-0.1495765402374581,42.985194778118284,0.10295877147346755,0.9088081253736071,-0.10500384198548486,0.2458293519724549,MSFT,-0.11243066489080028,False,normal
2026-02-26 00:00:00-05:00,404.7099914550781,407.489990234375,398.739990234375,401.7200012207031,34405900,0.0,0.0,0.002795794059219592,0.00818152345413714,-0.1640119795921685,0.015946429859643906,0.026408749540564574,-0.5585195704926393,56.31899728846154,0.06211183450153962,1.760511218359916,-0.09945471875007914,0.2786576713102369,MSFT,-0.1813057071414359,False,normal
2026-02-27 00:00:00-05:00,390.8800048828125,396.82000732421875,389.8800048828125,392.739990234375,51367200,0.0,0.0,-0.022353905603506474,-0.011303327109662087,-0.09195756877011807,0.017362485774888144,0.026369577484314812,0.7544502015683502,44.82384644575923,0.05467304239286452,1.7840842478586225,-0.11637651328336356,0.1952898365002403,MSFT,-0.1331005418967502,False,normal
2026-03-02 00:00:00-05:00,392.8599853515625,401.19000244140625,390.6300048828125,398.54998779296875,35474900,0.0,0.0,0.014793496213936663,0.036621808015089075,-0.07165014386925339,0.018154632866515502,0.026608990947555346,-0.5926730997588825,39.26249444050597,0.04537234533688466,2.227163164245937,-0.10019687462947889,0.453543663097352,MSFT,-0.14544461160405542,False,normal
2026-03-03 00:00:00-05:00,393.1400146484375,406.70001220703125,392.6700134277344,403.92999267578125,38199200,0.0,0.0,0.013498946299321357,0.038380443896609995,-0.043739663253619776,0.01819644919761973,0.026728533499301637,-0.31711005116609825,44.064104402513266,0.038341659302100504,2.877436031017977,-0.08511305544106389,0.49139399547253004,MSFT,-0.14524872583460413,False,normal
2026-03-04 00:00:00-05:00,401.2699890136719,411.0299987792969,400.30999755859375,405.20001220703125,35808000,0.0,0.0,0.0031441575378865494,0.0114827908972297,-0.01236625477058495,0.018125902128083127,0.026717121840556666,-0.46540806067808377,51.386582860453444,0.037042093903270776,3.3546377514545505,-0.0789957218755809,0.44791170776394945,MSFT,-0.1665802158444788,False,normal
2026-03-05 00:00:00-05:00,404.4200134277344,411.6099853515625,404.3999938964844,410.67999267578125,39001300,0.0,0.0,0.013524136978431578,0.022304071064053188,-0.0062113076386994814,0.018468343523688282,0.02662727032368635,-0.10445781237193207,57.379888495900836,0.03595300767309163,3.9593701013753986,-0.06338348880225722,0.5329398193480777,MSFT,-0.14342540410313803,False,normal
2026-03-06 00:00:00-05:00,409.20001220703125,413.04998779296875,408.510009765625,408.9599914550781,31123900,0.0,0.0,-0.004188178755669236,0.041299591648468414,0.04121067537667633,0.018513094554907128,0.02641047850157699,-0.9457041492902551,56.35564817849832,0.036152760077234766,4.143824893812338,-0.06411071323032068,0.6859902099047935,MSFT,-0.11823754983383394,False,normal
2026-03-09 00:00:00-04:00,404.9200134277344,410.2099914550781,403.5,409.4100036621094,30131900,0.0,0.0,0.0011003819846291396,0.027248817467740105,0.022945762371191503,0.013903005899797084,0.025554230590000768,-1.0187728038584447,60.62802944255685,0.03734701889649303,4.18422900259948,-0.05979615644712042,0.6627831366420578,MSFT,-0.1429343301539998,False,normal
2026-03-10 00:00:00-04:00,410.0299987792969,410.20001220703125,402.92999267578125,405.760009765625,31706400,0.0,0.0,-0.008915253325116002,0.004530530346907424,-0.016716336406896515,0.014537486888249272,0.025446099544527038,-0.7076254655564418,55.50537680215091,0.03536377445062293,3.8610373680091605,-0.06469229713656968,0.418051084967389,MSFT,-0.16552721929738562,False,normal
2026-03-11 00:00:00-04:00,405.57000732421875,409.010009765625,401.5899963378906,404.8800048828125,25512100,0.0,0.0,-0.002168781697636457,-0.00078975151672811,-0.018065319477363673,0.011506976696386442,0.02495953549165031,-1.473225651181371,54.949130312657815,0.03315310878410398,3.4948673475078724,-0.06319145512706503,0.41027456165600074,MSFT,-0.14780225931509083,False,normal
2026-03-12 00:00:00-04:00,404.6300048828125,406.1199951171875,401.7099914550781,401.8599853515625,27263900,0.0,0.0,-0.007459048347235875,-0.021476593653253162,-0.003938890280275942,0.011794694554231102,0.02492177047720816,-1.0964142015772251,53.47334623730659,0.03302456709196095,2.9764182998665625,-0.06654500622076251,0.384250064950399,MSFT,-0.16154289449211373,False,normal
2026-03-13 00:00:00-04:00,401.0,404.79998779296875,394.25,395.54998779296875,26848000,0.0,0.0,-0.015701980263283843,-0.03279050259756866,-0.013406272590378077,0.010504841545246378,0.01760090305392076,-1.046466129681888,59.2026401097216,0.03349259974798867,2.172959092833068,-0.07730908420711971,0.3370865682575024,MSFT,-0.13791958291762546,False,normal
2026-03-16 00:00:00-04:00,398.07000732421875,400.6300048828125,394.7900085449219,399.95001220703125,27733700,0.0,0.0,0.011123813803188609,-0.023106400357734147,-0.0011390565928588448,0.010012817820451178,0.017758941158383484,-0.8517673706904434,59.11436634712126,0.033494743868110195,1.9115156671568805,-0.06343748843937459,0.41278258899957115,MSFT,-0.16510830811386096,False,normal
2026-03-17 00:00:00-04:00,400.2699890136719,404.3999938964844,397.75,399.4100036621094,26228300,0.0,0.0,-0.001350190094862036,-0.01564965977594368,0.008722594922084381,0.008892041488120464,0.017564596798755338,-0.9991822123707875,48.78596129772643,0.03312845794401495,1.6838844355435327,-0.061517508538831436,0.4847192412216196,MSFT,-0.18596512365566753,False,normal
2026-03-18 00:00:00-04:00,397.1300048828125,398.0,391.0,391.7900085449219,25908500,0.0,0.0,-0.019078127856892224,-0.032330557646775726,-0.01730666396004865,0.01037045766940001,0.017136285480576854,-1.0900475051263805,41.05568364079884,0.03448311372930122,1.0337127212758457,-0.0759487800854403,0.32298446754473475,MSFT,-0.14448461770423376,False,normal
2026-03-19 00:00:00-04:00,390.1000061035156,392.489990234375,387.05999755859375,389.0199890136719,25138800,0.0,0.0,-0.007070163788856276,-0.03195141792148748,-0.02369121779813743,0.008538808070783657,0.017086678963674704,-1.1526806449396234,46.22718534836297,0.036634414510604424,0.4599419651464469,-0.07863998622763069,0.35228956180276905,MSFT,-0.1760363473419116,False,normal
2026-03-20 00:00:00-04:00,386.7900085449219,387.0,380.1199951171875,381.8699951171875,50853200,0.0,0.0,-0.018379502592174246,-0.0345847379546409,-0.038667813217338476,0.009450990018799336,0.014895250329533467,2.0548335100855057,33.53083752343815,0.04168645577186868,-0.31643217175257643,-0.09124804406604581,0.29591813577240156,MSFT,-0.13433147982422078,False,normal
2026-03-23 00:00:00-04:00,383.8999938964844,387.2099914550781,381.67999267578125,383.0,29680100,0.0,0.0,0.002959135038786531,-0.04238032676507886,-0.003823448425197884,0.009639804597864364,0.014440984664801319,-0.4838792930678484,27.44130358159032,0.04238858287064814,-0.649963976049726,-0.08446196126861809,0.37125980991986457,MSFT,-0.17786431678237702,False,normal
2026-03-24 00:00:00-04:00,382.3599853515625,382.4700012207031,371.8500061035156,372.739990234375,42733600,0.0,0.0,-0.02678853724706265,-0.06677352390576707,-0.04179951096561696,0.011578046102479369,0.01381038832452827,1.0792630262395067,20.693406155807452,0.05057062465597916,-1.4138492235738847,-0.10447320660974595,0.22092607658845898,MSFT,-0.11322081648666865,False,normal
2026-03-25 00:00:00-04:00,376.9200134277344,377.05999755859375,369.6300048828125,371.0400085449219,31181200,0.0,0.0,-0.004560770869753483,-0.052962044838927635,-0.07378930880733792,0.011459305965440945,0.013804032143788654,-0.2721361728078607,11.589212638450235,0.058934557631908496,-1.8579241026375666,-0.10403473936391326,0.19313378993573307,MSFT,-0.1216997690476952,False,normal
2026-03-26 00:00:00-04:00,370.82000732421875,374.7200012207031,365.19000244140625,365.9700012207031,36836600,0.0,0.0,-0.013664314379738696,-0.05925142266187944,-0.08899233269781637,0.011556418286559195,0.01351968034962216,0.43161676584294956,10.882681586294126,0.0680612267823008,-2.289101477714336,-0.11183247609028965,0.17101157453348528,MSFT,-0.11031594501987563,False,normal
2026-03-27 00:00:00-04:00,361.8999938964844,362.45001220703125,356.510009765625,356.7699890136719,37883400,0.0,0.0,-0.02513870584021738,-0.06572919167376057,-0.09158731505604345,0.012489350572354741,0.014096232039368235,0.7575669015494889,8.681354689553416,0.0808450298878773,-2.947941854541167,-0.1298703971784107,0.1443749449619301,MSFT,-0.06887730270224346,False,normal
2026-03-30 00:00:00-04:00,361.8999938964844,365.3599853515625,356.2799987792969,358.9599914550781,44797000,0.0,0.0,0.0061384155305796995,-0.06276764633138876,-0.09933508355407628,0.01161254469802371,0.014206414164910919,1.5935389864542284,12.403633663192977,0.08960367970519147,-2.981336407558226,-0.12038186515472012,0.15567644580902348,MSFT,-0.06070887622445875,False,normal
2026-03-31 00:00:00-04:00,364.54998779296875,372.8999938964844,363.07000732421875,370.1700134277344,45244400,0.0,0.0,0.031229168262500107,-0.006894824472750138,-0.08357878805782237,0.01756801823570591,0.0154745934779497,1.5201496897502647,26.08519762303561,0.09151456473076544,-2.0385313946501427,-0.08895425186624233,0.226995094437661,MSFT,-0.07885602197629482,False,normal
2026-04-01 00:00:00-04:00,373.489990234375,373.989990234375,368.20001220703125,369.3699951171875,29417200,0.0,0.0,-0.0021612185793732364,-0.00450089852650537,-0.08842550841666041,0.017131391138176764,0.015380394677093293,-0.4986944696018982,26.908354555053776,0.09246601215037589,-1.295093290465779,-0.08714363270723928,0.2316575911353768,MSFT,-0.15797553133171388,False,normal
2026-04-02 00:00:00-04:00,367.2099914550781,373.6400146484375,364.1499938964844,373.4599914550781,24099100,0.0,0.0,0.011072898156205158,0.02046613167579836,-0.09063017893371572,0.01791796312910369,0.015574598105210386,-1.0731704203824055,33.78837143710109,0.08965310413898939,-0.40056566570832963,-0.07384777589331623,0.3776529444984055,MSFT,-0.1428629293098177,False,normal
2026-04-06 00:00:00-04:00,373.489990234375,373.7300109863281,369.5,372.8800048828125,16146600,0.0,0.0,-0.0015530085833448393,0.04515518783874861,-0.08822375617696288,0.01718528891459275,0.01557356123558536,-1.8046169447101956,28.953519928096796,0.08637572055792783,0.2446548980110368,-0.07173024900075135,0.46262375077272355,MSFT,-0.07071353770737543,False,normal
2026-04-07 00:00:00-04:00,370.3399963378906,372.45001220703125,366.55999755859375,372.2900085449219,21443300,0.0,0.0,-0.0015822686391459007,0.037135105324159534,-0.09066704473548493,0.01709218719310326,0.014496837114436998,-1.1043314344416604,28.93103202386392,0.08165029639907832,0.6985946797667477,-0.06890628337018515,0.4460087158397046,MSFT,-0.1213128744107364,False,normal
2026-04-08 00:00:00-04:00,384.9800109863281,385.0,371.4100036621094,374.3299865722656,33064800,0.0,0.0,0.005479540091115842,0.0112380068445046,-0.07745963731495864,0.014951268889175182,0.014350567196521667,0.185658279177174,35.147998230560646,0.07680427207799512,1.1750936809559267,-0.05934010399718935,0.35696809347249586,MSFT,-0.16000620292914142,False,normal
2026-04-09 00:00:00-04:00,372.5,373.5,367.04998779296875,373.07000732421875,30435300,0.0,0.0,-0.0033659586280663234,0.01001708924910738,-0.07856648185874415,0.014910821507695389,0.013103320450350056,-0.13674265477041883,36.07474702348348,0.07113907517105149,1.427479658612187,-0.05746539753581349,0.35284806951642295,MSFT,-0.17553708578196847,False,normal
2026-04-10 00:00:00-04:00,372.9800109863281,375.6400146484375,370.0299987792969,370.8699951171875,28111100,0.0,0.0,-0.005897049250381925,-0.006935137356479548,-0.07711638720949976,0.014271164430295805,0.013083137599471214,-0.404762728839024,39.48776904512711,0.06577108573686258,1.4629212226665942,-0.0578027381614554,0.26549050585079326,MSFT,-0.1817157994492743,False,normal
2026-04-13 00:00:00-04:00,373.6099853515625,384.5400085449219,371.0199890136719,384.3699951171875,35745800,0.0,0.0,0.036400895671633515,0.03081417636750472,-0.028264424272041344,0.01480357573798178,0.014356275715017928,0.4100760257310999,51.05889244951869,0.06247677532169825,2.3591321334115154,-0.02111141335451223,0.5352764564990049,MSFT,-0.12117286602063154,False,normal
2026-04-14 00:00:00-04:00,387.9200134277344,394.69000244140625,386.5199890136719,393.1099853515625,37504500,0.0,0.0,0.022738482049594833,0.055924081572896744,-0.017102204392303033,0.015537002388639585,0.01471908617542924,0.5534087662925912,66.1231602101621,0.05916731262425147,3.4387260956021883,0.002996395189853973,0.5802435125175738,MSFT,-0.09032373519866971,False,normal
2026-04-15 00:00:00-04:00,398.0,414.3699951171875,396.7300109863281,411.2200012207031,45063400,0.0,0.0,0.04606857252161789,0.09854945094364154,0.02956860732157507,0.01832878656159392,0.016826364979661737,1.2631077039468868,75.24502640490167,0.06706898760210046,5.166802495844237,0.049802236662215574,0.6912609840653562,MSFT,0.02099407105357387,True,price_spike
2026-04-16 00:00:00-04:00,419.8599853515625,420.82000732421875,412.1400146484375,420.260009765625,41642400,0.0,0.0,0.0219833872819577,0.12649101111040406,0.07266648102241957,0.018031261065349274,0.017265319979914703,0.8023764334384205,82.48952520874047,0.08277877160636546,6.620143638387333,0.0723336762194082,0.7902261150110559,MSFT,0.02558284511558029,True,rsi_extreme
2026-04-17 00:00:00-04:00,424.82000732421875,431.5799865722656,420.69000244140625,422.7900085449219,48568200,0.0,0.0,0.0060200797613549906,0.13999518459650173,0.08680792885957112,0.018165747842550258,0.017136890953711452,1.3962087075181961,92.9370547035353,0.09712741266952998,7.394557238545076,0.0782640867715273,0.8066785220312191,MSFT,0.06817632780144534,True,rsi_extreme
2026-04-20 00:00:00-04:00,421.1499938964844,423.3299865722656,416.29998779296875,418.07000732421875,27582200,0.0,0.0,-0.011163937475598185,0.08767597012029182,0.09479669172730443,0.019222938264150596,0.017258152359766857,-0.7731604972512087,87.2182427394371,0.10651878700561902,7.2233044131799495,0.06485243550007817,0.7913963174766737,MSFT,0.025652640314645314,True,rsi_extreme
2026-04-21 00:00:00-04:00,420.239990234375,427.17999267578125,417.20001220703125,424.1600036621094,32048500,0.0,0.0,0.014566929536200313,0.07898557520175564,0.1074673724859252,0.018656071641963756,0.017438349396207208,-0.2787264439210441,86.33733085122772,0.11693495079865343,7.1417089671699525,0.07904848479605613,0.7915356377252948,MSFT,8.490140186767636e-05,True,rsi_extreme
2026-04-22 00:00:00-04:00,426.17498779296875,433.6400146484375,423.6700134277344,432.9200134277344,27224146,0.0,0.0,0.02065260677572822,0.052769836444275464,0.161453090009255,0.018567693409490958,0.01767354583255107,-0.750555066132489,88.63224429482098,0.12818271326344996,7.27470301766197,0.10019944212874746,0.7901545271851921,MSFT,0.01988455960615343,True,rsi_extreme
