Date,Open,High,Low,Close,Volume,Dividends,Stock Splits,Capital Gains,ret_1d,ret_5d,ret_20d,vol_10d,vol_30d,vol_zscore,rsi,bb_width,macd_diff,price_vs_sma50,momentum,ticker,anomaly_score,is_anomaly,anomaly_type
2025-07-03 00:00:00-04:00,617.214676143094,621.0124795190609,617.194824993195,620.0803833007812,51065800,0.0,0.0,0.0,0.007881385954874975,0.02201455451201939,0.05245363153794047,0.00445737020377829,0.0075653167197317645,-1.8488095039223706,73.14890688345844,0.03306906176556523,1.2402002981028133,0.06745961124025443,0.8852589976565284,SPY,-0.08807980503107815,False,normal
2025-07-07 00:00:00-04:00,618.1169852960921,618.7813935886118,612.6731706581298,615.4595336914062,74814500,0.0,0.0,0.0,-0.0074520170832973465,0.009383431286786426,0.049683716294760316,0.005538116824220944,0.0069296861877670155,0.05399070920167005,76.27697963000192,0.03328584486286594,0.962589716121732,0.0563730875505057,0.741902404851499,SPY,-0.13057002714020222,False,normal
2025-07-08 00:00:00-04:00,616.1238907210633,616.8775081543645,614.3093261623386,615.1224365234375,59024600,0.0,0.0,0.0,-0.0005477162177452977,0.0040302013048392205,0.038444909539934624,0.005364655713017011,0.006940372278766553,-1.1646797272455294,72.55672610495903,0.034057653765489505,0.6354440616383314,0.05309662947661103,0.648484497993657,SPY,-0.1710199358329404,False,normal
2025-07-09 00:00:00-04:00,617.5319680301938,619.4655183729625,615.6875662931247,618.8110961914062,66113300,0.0,0.0,0.0,0.005996626767211355,0.01037793349002003,0.043731486394307906,0.004760826228485634,0.00675855407732354,-0.7018829917011574,83.94809688803718,0.03529028921792242,0.5498663899686509,0.05671926603558,0.7490309575726032,SPY,-0.14335726149880718,False,normal
2025-07-10 00:00:00-04:00,618.9499658515675,621.5974919629854,617.7699723301522,620.5563354492188,57529000,0.0,0.0,0.0,0.0028203102183428364,0.008655000673118307,0.04077429174042124,0.004694698622447243,0.00582385841565152,-1.3370014002055306,84.77370109908371,0.03689446196914977,0.4949071658154889,0.05695788015568632,0.7265305621747278,SPY,-0.12962621390029505,False,normal
2025-07-11 00:00:00-04:00,617.5022136064131,619.6043777491163,616.3024294765994,618.3748168945312,63670200,0.0,0.0,0.0,-0.0035154238705955576,-0.002750556947425098,0.040081860052571416,0.004781644577507817,0.005733034385390691,-0.7839802059268809,83.2352305184148,0.037253803948143246,0.21029554122199912,0.05072466082775928,0.6125026341603612,SPY,-0.13212409646412254,False,normal
2025-07-14 00:00:00-04:00,617.9186632768227,619.9018415613931,616.5701165685465,619.5548095703125,51898500,0.0,0.0,0.0,0.0019082159291465839,0.006654013228690303,0.0379414398906146,0.004660860398529982,0.005722360302833334,-1.579434586394548,81.24693870187203,0.037798652091223794,0.010706540346770765,0.05018506211048899,0.6942740692158769,SPY,-0.12560029036614573,False,normal
2025-07-15 00:00:00-04:00,622.2420420602726,622.5791484786782,616.8279435196437,616.9072875976562,74317300,0.0,0.0,0.0,-0.004273265144196681,0.002901619203335315,0.04519134748532916,0.004851563898040613,0.005810416072732301,0.17291041101620316,71.6338642805454,0.03602290954168079,-0.36941658737494265,0.04340635962839131,0.668224337144487,SPY,-0.16104528982354355,False,normal
2025-07-16 00:00:00-04:00,618.4937831556223,619.4754466932056,612.8516386863737,618.9697265625,88987500,0.0,0.0,0.0,0.0033431911185151097,0.00025634700487775497,0.038802146767628276,0.004903659362496093,0.005774877820692697,1.248418990611867,72.95927640926683,0.03539660934871606,-0.5413476469663365,0.04482238151381891,0.6245415684743688,SPY,-0.13461699260618215,False,normal
2025-07-17 00:00:00-04:00,619.1482908768893,623.1146474859103,618.9301097920578,622.7576293945312,68885700,0.0,0.0,0.0,0.006119689977517551,0.0035472910670051316,0.05416751257235397,0.005051600500070827,0.0057849842745115055,-0.23270399414739143,72.26668381670657,0.03344123663662368,-0.4624261275613488,0.048892218045821875,0.692331822278184,SPY,-0.1728498293122911,False,normal
2025-07-18 00:00:00-04:00,624.007017899032,624.175571102461,621.1909387049365,622.301513671875,65621600,0.0,0.0,0.0,-0.0007324129021104575,0.006350026990205704,0.053554020772681676,0.004494758036116583,0.0057914780016893146,-0.44120650951956253,68.78158181437524,0.030339873809222654,-0.500201654597463,0.045664164101049426,0.7479493417556368,SPY,-0.19050874061182493,False,normal
2025-07-21 00:00:00-04:00,623.4815063476562,626.2281670376054,623.0551302914085,623.4815063476562,63375000,0.0,0.0,0.0,0.001896175165666536,0.0063379328457915385,0.05803658080600416,0.0035636024871821513,0.00565272537156409,-0.5397489858762157,67.07329980043345,0.025341321000414405,-0.5035876975048854,0.04523403982281011,0.7740684710829433,SPY,-0.19470211199962822,False,normal
2025-07-22 00:00:00-04:00,623.8086504006922,624.4333563471947,620.9231528797274,623.5706787109375,60046300,0.0,0.0,0.0,0.00014302326913218089,0.010801284483491269,0.04783801363547702,0.0035303142096605117,0.005444468800551069,-0.7390051884787582,67.58697009544343,0.021371021780928836,-0.5537074017921011,0.04311316861963714,0.8095429989165441,SPY,-0.18996215249088433,False,normal
2025-07-23 00:00:00-04:00,626.2381323551606,628.8757934570312,624.4334327911965,628.8757934570312,70511000,0.0,0.0,0.0,0.008507639834927083,0.016004121800181403,0.04520581935160828,0.0039591623063235035,0.005580065630811335,0.16865569047255266,69.9884118641229,0.0204415210672264,-0.2963602332820692,0.04949703362462168,0.8428534188882332,SPY,-0.17858840213645666,False,normal
2025-07-24 00:00:00-04:00,629.2624631630094,630.7994747941685,628.6576082944551,629.083984375,71307100,0.0,0.0,0.0,0.00033105252282705777,0.010158614976133684,0.04496648718138485,0.003953679454597053,0.005543397250935615,0.1997973145652937,65.2656153642981,0.018633602440390317,-0.1843876557935218,0.04800102453821078,0.7750738550657588,SPY,-0.1994341795253759,False,normal
2025-07-25 00:00:00-04:00,629.7484116245431,632.2174590489252,629.5005143245561,631.741455078125,56865400,0.0,0.0,0.0,0.004224349640319147,0.015169401325331622,0.041234296659343084,0.0036351769180512244,0.005488750417451924,-0.9760772902583582,79.57507096949928,0.01864874132976109,-0.01267527243150468,0.050623551852186685,0.8240125896435987,SPY,-0.16573216986940298,False,normal
2025-07-28 00:00:00-04:00,632.1181999979412,632.6734874729789,630.1945147233831,631.582763671875,54917100,0.0,0.0,0.0,-0.00025119675932994134,0.01299358079067292,0.035826309023199165,0.0037142011810324845,0.005491601937890046,-1.056507558882925,80.094181671677,0.018824936591877593,0.007787419780166616,0.048593016213395596,0.7844117290124779,SPY,-0.16483832948072952,False,normal
2025-07-29 00:00:00-04:00,632.9809077241022,633.2982235137306,629.0046860832861,629.9169311523438,60556300,0.0,0.0,0.0,-0.0026375522185667633,0.010177278467495388,0.028178433491616417,0.0034362349390462676,0.004988490420560606,-0.4707006293208914,71.92645467045318,0.018786270209607544,-0.16382292636441775,0.04422713793215468,0.7225172627864662,SPY,-0.18596864849384265,False,normal
2025-07-30 00:00:00-04:00,630.5713386132512,632.3165451544952,626.2281734095909,629.1236572265625,80418900,0.0,0.0,0.0,-0.001259331011043141,0.00039413787604813955,0.027216002768060132,0.0035565131067283556,0.0048277428205143235,1.5698455976571273,67.57526959965506,0.018088364306370355,-0.39076679737579667,0.04147367860370766,0.6071652666734136,SPY,-0.15782626380162024,False,normal
2025-07-31 00:00:00-04:00,634.0816044685715,634.4682782312485,625.4646925404661,626.763671875,103385200,0.0,0.0,0.0,-0.0037512265266995692,-0.0036883986202657093,0.018744432637731512,0.003543031629328416,0.004543649287251515,2.8189558453810264,67.08406355324988,0.017414127261240774,-0.7395891035543904,0.036240658499534985,0.5217951633091801,SPY,-0.09858891738936343,False,normal
2025-08-01 00:00:00-04:00,621.0322789916852,621.0719812920488,614.0812292944926,616.4907836914062,140103600,0.0,0.0,0.0,-0.016390369519761472,-0.024140684870573748,-0.005788926252217497,0.006470714449636354,0.005641497813292352,3.3799002514457746,45.44648087029562,0.017945146607019114,-1.6498139096126447,0.01823409090740654,0.21450980959127908,SPY,-0.024298608985801717,False,normal
2025-08-04 00:00:00-04:00,620.4075271113948,625.9108344398344,620.3183179857707,625.8612670898438,73218000,0.0,0.0,0.0,0.01519971367995021,-0.009058981516163911,0.016900759236029517,0.008239564390246848,0.006123966632186263,0.08297276270257713,61.09056488683891,0.017103065843286427,-1.6068450945223498,0.0320198018602886,0.3590957502504917,SPY,-0.1374112115757734,False,normal
2025-08-05 00:00:00-04:00,626.4760489706393,627.2891592865192,621.7660007962415,622.6881713867188,68051400,0.0,0.0,0.0,-0.005069966572431306,-0.011475734986835517,0.012299559265048776,0.008421347290491455,0.006071118739330653,-0.19629896727547172,54.4824074721306,0.015908126430243502,-1.765525069586892,0.025225200129503852,0.310116972054023,SPY,-0.17068038495407,False,normal
2025-08-06 00:00:00-04:00,623.7591559441935,628.1122469303318,622.8469108529321,627.4578247070312,64357500,0.0,0.0,0.0,0.0076597782637986,-0.0026478618319250025,0.013973131006930872,0.00832870665292185,0.005917543450703839,-0.3754977948038347,55.534855889138484,0.015614789052797198,-1.5313646575067246,0.031213583025768224,0.39073765690504886,SPY,-0.18559983615042575,False,normal
2025-08-07 00:00:00-04:00,630.8886820702932,631.62244837055,623.8186464662513,626.9322509765625,74205800,0.0,0.0,0.0,-0.0008376239960258269,0.00026896756963945556,0.010274515242404636,0.008328712531674685,0.005930007936045395,0.07426243254502812,55.444157719527844,0.015447699107272457,-1.3976933070274615,0.028913073429510737,0.3767307145507733,SPY,-0.1917421830866584,False,normal
2025-08-08 00:00:00-04:00,628.727047311219,632.2868791777582,628.4097315038053,631.82080078125,64051600,0.0,0.0,0.0,0.007797572699558275,0.02486657950999871,0.021744067706774173,0.008616600787307048,0.005929022414587287,-0.4395874138645657,59.017797841846466,0.01549655728876876,-0.9853114852318949,0.03521157319377798,0.6520326079480012,SPY,-0.16209952165933122,False,normal
2025-08-11 00:00:00-04:00,632.0983749269875,633.5758329217508,629.3218771812983,630.5712890625,58742300,0.0,0.0,0.0,-0.001977636249400061,0.007525664584672409,0.017781283143985194,0.008640479223082557,0.005919231164322877,-0.737086031869876,57.38487251290577,0.015287990165810854,-0.8093280986733298,0.031568474779776215,0.4918953731219696,SPY,-0.19967645479672363,False,normal
2025-08-12 00:00:00-04:00,632.9214074238032,637.4430514601922,631.4340237207567,637.284423828125,64730800,0.0,0.0,0.0,0.010646115486174113,0.023440709350396993,0.03303111608524012,0.009213658762566732,0.006136587278068205,-0.40317429563781537,58.614281606360954,0.01578457901128575,-0.2807378925588955,0.040692419272631085,0.6954899231591876,SPY,-0.16290884948962653,False,normal
2025-08-13 00:00:00-04:00,639.4857330110176,640.7549961752953,637.2745085703324,639.4659423828125,60092800,0.0,0.0,0.0,0.003423147456803166,0.01913772878900355,0.0331134382518834,0.009193652038566678,0.006139836645664423,-0.5724810393681107,60.2225550151644,0.016989800701058655,0.15259256340962768,0.04243429876792235,0.6785392052875101,SPY,-0.19295791432319176,False,normal
2025-08-14 00:00:00-04:00,637.3835851461316,640.1897994624859,636.9374184340268,639.5254516601562,59327500,0.0,0.0,0.0,9.306090191762983e-05,0.020087020031235525,0.026925117371789264,0.00902052416767379,0.0061166179861213196,-0.5820184798709653,58.07775182025839,0.018398240622707854,0.367730690930534,0.040828097131660586,0.6521047215106521,SPY,-0.1866348542651351,False,normal
2025-08-15 00:00:00-04:00,640.5566774831647,640.6558727131268,637.11589211782,638.0281372070312,68592500,0.0,0.0,0.0,-0.002341289856780615,0.00982452052560756,0.02527171023956165,0.006597172737006267,0.006021912927486258,-0.11539695308437205,56.50780619620908,0.018844248501183034,0.33464121184140794,0.036742652070836566,0.6204395948146582,SPY,-0.19972190584207233,False,normal
2025-08-18 00:00:00-04:00,637.4529805837014,638.5834067295413,636.7787072305159,637.8892822265625,43804900,0.0,0.0,0.0,-0.00021763143719111255,0.011605338351104555,0.023108585791592695,0.005202743466560299,0.005814335357890023,-1.2795063267302336,58.30568352525117,0.019149257653357298,0.23363307799185673,0.03478310244265268,0.6601663694063249,SPY,-0.19177620462013567,False,normal
2025-08-19 00:00:00-04:00,637.7108075589789,638.6924711313014,633.1098193903536,634.4286499023438,69750700,0.0,0.0,0.0,-0.005425130066677664,-0.0044811607172615675,0.017412574968810546,0.005256676249269015,0.005932183029333286,-0.029592221296290442,55.23580613515284,0.018675230371637083,-0.11717070641851546,0.027766151644377256,0.4527205345341162,SPY,-0.18584452810197483,False,normal
2025-08-20 00:00:00-04:00,634.0221697813646,634.2799321395609,627.626407225106,632.7429809570312,88890300,0.0,0.0,0.0,-0.0026569874257286186,-0.010513400292640696,0.006149366123223476,0.005003006605777165,0.005893505866005113,0.8530922853228197,55.98093717791747,0.018662504724761057,-0.4926107792551271,0.02371332627932473,0.3471855338265621,SPY,-0.17845226970722772,False,normal
2025-08-21 00:00:00-04:00,630.9283690027011,632.604096553562,628.4791123479844,630.2044677734375,54805800,0.0,0.0,0.0,-0.004011918361787603,-0.014574844304510837,0.0017811348345653233,0.005218083095485788,0.005942913322094418,-0.7452957816608281,66.22843826036976,0.018617821675922956,-0.9171149786663113,0.018487094295875448,0.2929549079938717,SPY,-0.15335114529411348,False,normal
2025-08-22 00:00:00-04:00,632.3958390332336,641.0623176031913,631.8901189367884,639.88232421875,84083200,0.0,0.0,0.0,0.015356692851615561,0.002906121068320777,0.012886393753625436,0.006719047532916973,0.0064747966448654845,0.586458140906637,66.47234374180272,0.019635976576213153,-0.5684079498918608,0.03261446055286869,0.4611492343300865,SPY,-0.14777616913246988,False,normal
2025-08-25 00:00:00-04:00,638.6230253017661,639.8625116828326,636.9472372936925,637.0662231445312,51274300,0.0,0.0,0.0,-0.004400967127286992,-0.0012902851716811714,0.008682091703669625,0.0068914374717394256,0.006551680764704256,-0.9640267621322899,67.03464052710538,0.020029302174220658,-0.5493865655793666,0.026739165568082916,0.3996373292395962,SPY,-0.18141939675709468,False,normal
2025-08-26 00:00:00-04:00,636.7985773675441,640.0807351008626,636.1738713484165,639.733642578125,51581600,0.0,0.0,0.0,0.004187036349890816,0.00836184285907926,0.015584136479429134,0.006155085467289527,0.006500974309789226,-0.9134803941572461,65.30644547728278,0.02074267439849022,-0.38680525712311375,0.029395712292440875,0.5567120596571058,SPY,-0.20016747273429208,False,normal
2025-08-27 00:00:00-04:00,639.148612992103,641.9250504526357,638.9998504138363,641.1912841796875,48341100,0.0,0.0,0.0,0.0022785132820093423,0.013351871892562261,0.019181645475428555,0.006103054275931567,0.006491952887713152,-0.9687149984588603,67.375407550137,0.021521196287218033,-0.21908973782856211,0.03023789111899957,0.6468587446018881,SPY,-0.19486357190255738,False,normal
2025-08-28 00:00:00-04:00,641.7961735668325,644.0173236548059,639.9121904309055,643.4620361328125,61519500,0.0,0.0,0.0,0.003541457922389135,0.021036931721882368,0.026642201849157,0.00618776686426755,0.006441403860391177,-0.2910628323465899,65.15216511602756,0.022251035054900465,-0.004557966412558123,0.03213834545381291,0.7332594673147248,SPY,-0.1831586536168499,False,normal
2025-08-29 00:00:00-04:00,642.0242015644989,642.3911452321481,637.7306640961879,639.6245727539062,74522200,0.0,0.0,0.0,-0.00596377589262187,-0.00040281072798575845,0.03752495523774124,0.006480228804937577,0.006562691862189131,0.8969257149996926,61.039948891232584,0.018560066095927405,-0.16173042916088498,0.02437408437525805,0.5809906721150523,SPY,-0.17340151943035975,False,normal
2025-09-02 00:00:00-04:00,632.13804448044,635.1028861742022,629.5797276837342,634.884765625,81983500,0.0,0.0,0.0,-0.007410295555874247,-0.003424224107760221,0.014417729630584297,0.0069241743860639846,0.006733494265230492,1.4422634301169588,46.92580520388762,0.01732764872866201,-0.6008575182858991,0.015300130154986208,0.42175542637034386,SPY,-0.16162015746345615,False,normal
2025-09-03 00:00:00-04:00,637.2645539172183,638.7916398746721,635.0731807265284,638.3255615234375,70820900,0.0,0.0,0.0,0.0054195597134076845,-0.002201042685535448,0.025112714285056237,0.006907712731985227,0.006789121856858359,0.500346645510413,48.58472556349772,0.014698331779411558,-0.6702520875702085,0.01939335303105632,0.5031258995027845,SPY,-0.19337440290192193,False,normal
2025-09-04 00:00:00-04:00,638.9998582812316,643.6901160802078,638.0975387911232,643.6603393554688,65219200,0.0,0.0,0.0,0.008357456059411517,0.0038507310325344157,0.025822476046103437,0.007196753455850336,0.006783296927892142,0.033277441526644615,54.537490237946514,0.014171170229433237,-0.381870555936044,0.02653635748206088,0.5381827294589161,SPY,-0.1956646624543546,False,normal
2025-09-05 00:00:00-04:00,646.0004093954814,646.7243105506017,637.918995020256,641.7960815429688,85178900,0.0,0.0,0.0,-0.002896337864108256,-0.002589048764797486,0.02370883064837237,0.007105836972839938,0.006816454220942421,1.5522495842937305,54.10178517099788,0.012512963580117034,-0.34291460826986864,0.022265970430884807,0.48811190833253376,SPY,-0.15924444266910381,False,normal
2025-09-08 00:00:00-04:00,643.1645472258064,644.3743174556171,641.7862237872296,643.372802734375,63133100,0.0,0.0,0.0,0.0024567323434190325,0.005860046877703251,0.018283668310446366,0.005329724224332504,0.006792443116051753,-0.17122269173016838,55.788162089675254,0.012371309649137581,-0.2419591065748854,0.023582360638318298,0.5580040578117696,SPY,-0.1867055602115838,False,normal
2025-09-09 00:00:00-04:00,643.5115612591451,645.3856792185645,641.7762803015634,644.8601684570312,66133900,0.0,0.0,0.0,0.002311825610804341,0.01571214710469726,0.02266021248093164,0.005051361669455135,0.006797086784394701,0.03506843734073932,61.48968608692624,0.01187168614717317,-0.11258672328331443,0.02480342695146484,0.6930561123254172,SPY,-0.17113494783413308,False,normal
2025-09-10 00:00:00-04:00,648.122479271532,649.0446498954948,645.1576374702139,646.724365234375,78034500,0.0,0.0,0.0,0.0028908542790047065,0.013157555042747848,0.01481276028926759,0.0049831720702033224,0.006777945846381627,0.9005534815466469,65.33932250004717,0.012996085954266112,0.05211998223697911,0.02665421506808737,0.6366860882598155,SPY,-0.1715380595574063,False,normal
2025-09-11 00:00:00-04:00,648.6777603299006,652.7928793680376,648.0927566439484,652.0987548828125,69934400,0.0,0.0,0.0,0.008310170355944058,0.01311004424444362,0.01975525460031058,0.005481935080666273,0.0068969398234637646,0.23924852305317684,72.61360510897694,0.01575073487678644,0.454232875322786,0.03388457594501279,0.6538145051655831,SPY,-0.1698823218141996,False,normal
2025-09-12 00:00:00-04:00,652.0689585463732,653.5662677492645,651.3748946038203,651.8805541992188,72780100,0.0,0.0,0.0,-0.0003346129431468503,0.0157128922196057,0.019319172531741646,0.005474430262120783,0.0068400068032828144,0.40959261108127054,65.40213582123202,0.017784959345624456,0.6261266068526528,0.03233892196657358,0.6707989578144422,SPY,-0.18345620033782434,False,normal
2025-09-15 00:00:00-04:00,654.0918582328915,655.4800466805781,653.7943936028013,655.3511352539062,63772400,0.0,0.0,0.0,0.005323952420932088,0.01861802747741681,0.027150837144434448,0.004945181016217915,0.005996753336315147,-0.27244196707282853,73.08446269288862,0.02039236680278332,0.8786948382388244,0.036676954941841304,0.7469510552194492,SPY,-0.17991733180099645,False,normal
2025-09-16 00:00:00-04:00,655.9064595692537,656.213910313041,653.6655188822047,654.4488525390625,61169000,0.0,0.0,0.0,-0.0013767927852816886,0.014869400454635473,0.02595994441966254,0.003857996672832538,0.005485939817512742,-0.5944745295687038,69.4443816904873,0.022076858131252434,0.8875195659292974,0.033974241100476574,0.7497311513504208,SPY,-0.1849564748162263,False,normal
2025-09-17 00:00:00-04:00,654.4587781451693,656.1543568928759,648.7967821934204,653.6357421875,101952200,0.0,0.0,0.0,-0.0012424352925486382,0.010686742799028925,0.030274629445112167,0.003976034582977195,0.005371074396272554,2.3053148032137063,66.72880446718568,0.02259776564293145,0.7467759160761265,0.03143438496564115,0.7209381247231668,SPY,-0.1221675840994852,False,normal
2025-09-18 00:00:00-04:00,656.3229362038169,659.2977035594738,654.7165666735059,656.6898193359375,90459200,0.0,0.0,0.0,0.004672445142330339,0.007040443519862327,0.037846075104122745,0.003503135910540599,0.005282428864823499,1.4644887197357304,67.41504773868365,0.023019442357876375,0.7647565379176013,0.035016395984976204,0.726432424641108,SPY,-0.14917216629060337,False,normal
2025-09-19 00:00:00-04:00,658.5800832029405,660.7874850308027,656.6311583459587,659.9423217773438,97945600,1.831,0.0,0.0,0.004952874775332017,0.012366939811585986,0.047187628023286576,0.003142012662973652,0.005298607855627907,1.7374699913017588,77.16780268979832,0.022891373420778075,0.8921998881441109,0.03885293120047784,0.8404329267197399,SPY,-0.09811410867850179,False,normal
2025-09-22 00:00:00-04:00,658.4508309420254,663.5119788762895,658.4209716621773,663.0645751953125,69452200,0.0,0.0,0.0,0.004731100453688075,0.011769934507579238,0.03622892850629422,0.003196528458388709,0.005206203070456305,-0.12325624419221765,89.38421481934093,0.025255026249061105,1.0712258724588688,0.042301357801033,0.7814676906266826,SPY,-0.10763019266104662,False,normal
2025-09-23 00:00:00-04:00,662.9452156846509,663.5617612775759,658.2320617574377,659.4551391601562,81708900,0.0,0.0,0.0,-0.005443566388828813,0.007649622429118708,0.03514378129343343,0.004178477484674794,0.0053259448853312545,0.6352030259862367,79.39223204567995,0.025481507529422482,0.841155779679787,0.03532878108241375,0.7109667379478128,SPY,-0.1353671232945039,False,normal
2025-09-24 00:00:00-04:00,660.7477220570149,660.8471316064555,655.9350982101993,657.3569946289062,68082200,0.0,0.0,0.0,-0.003181633452613686,0.005693159356543909,0.027547952581888913,0.004503357509883559,0.005101422618327271,-0.4184979359918754,70.93808312258062,0.025410417866246513,0.4612627746792253,0.030725618312804834,0.6437512896980563,SPY,-0.1924999834693043,False,normal
2025-09-25 00:00:00-04:00,654.2149171420698,655.6765652531099,650.7048739536411,654.3242797851562,89622100,0.0,0.0,0.0,-0.0046134974884720625,-0.0036022174870524726,0.02048218048108774,0.00422248911986491,0.005182695419709993,1.1402087846335678,68.49127242117412,0.024952312500700187,-0.05331511526863064,0.024834126597844473,0.5206046323544553,SPY,-0.1638835397446307,False,normal
2025-09-26 00:00:00-04:00,655.7760789419195,658.619871988132,654.1553026157394,658.072998046875,69179200,0.0,0.0,0.0,0.005729144366994232,-0.0028325562231473755,0.022706797128038803,0.004537119339071632,0.005258573856514798,-0.5785105485085037,70.38976648525131,0.025114405401695024,-0.19243912447160483,0.029566588602452905,0.531761029848268,SPY,-0.1833169829172317,False,normal
2025-09-29 00:00:00-04:00,660.5985670660314,661.5134019828115,658.112721358766,659.9224243164062,73499000,0.0,0.0,0.0,0.0028103664411398555,-0.004738830871760413,0.031734008396687274,0.004333239681044731,0.005230864504419082,-0.21054467185021364,70.68420996977034,0.024583663133065252,-0.20971257467822468,0.03124609467661817,0.5650223810531472,SPY,-0.18806298353580225,False,normal
2025-09-30 00:00:00-04:00,659.1766647693167,662.8756347075731,657.8641309647478,662.4082641601562,86288000,0.0,0.0,0.0,0.0037668667591119753,0.004478128722692043,0.04335195932455749,0.004364000172428457,0.0052458077792149295,0.8360119745364516,71.17632804156376,0.022487791334046638,-0.10861454743411869,0.03387285204107622,0.6980263402892692,SPY,-0.1795405441988865,False,normal
2025-10-01 00:00:00-04:00,659.4152702620313,665.5801794564833,659.3059076216911,664.6654052734375,72545400,0.0,0.0,0.0,0.0034074772846366397,0.011117871573964155,0.04126396518907516,0.00432019584282534,0.005102930191971771,-0.31298408433768404,68.52699698784055,0.021236600031568104,0.04702923882245713,0.036066688453367586,0.771849511349562,SPY,-0.2057649822438415,False,normal
2025-10-02 00:00:00-04:00,666.6540464714482,666.7733621981591,663.004842335434,665.4309692382812,56896000,0.0,0.0,0.0,0.001151803537192908,0.016974289043304003,0.03382316503237193,0.0041910464857913355,0.005041255586582747,-1.5136974429706633,69.66005572581595,0.02110789400555633,0.13340598747090215,0.03607928768494552,0.800877016583929,SPY,-0.17286490568326313,False,normal
2025-10-03 00:00:00-04:00,666.1966948783695,668.8714672806448,664.377038831869,665.421142578125,70494400,0.0,0.0,0.0,-1.4767362221612679e-05,0.01116615413952382,0.03681085272187734,0.00400430507367944,0.004937030425158358,-0.37567474498374376,66.24140365294173,0.019794947930384943,0.12205180951282824,0.03489296197505205,0.7593015762026997,SPY,-0.20653452094900004,False,normal
2025-10-06 00:00:00-04:00,667.8174482099862,668.7024238148077,665.669704301124,667.8074951171875,54623300,0.0,0.0,0.0,0.003586228910336109,0.011948481382412668,0.03797905705519966,0.0038953987861377786,0.004243667073834517,-1.5500682078663355,70.56117959667321,0.018848148604409018,0.20267736271104209,0.03744049251236497,0.7833854908037683,SPY,-0.17492406441728048,False,normal
2025-10-07 00:00:00-04:00,668.7322238208072,669.1796881705657,663.8898014056139,665.3316040039062,72020100,0.0,0.0,0.0,-0.003707492250961897,0.004413199535570955,0.03174554197673185,0.0036190771488375977,0.004212564376783792,-0.2340215273494103,67.12530762477782,0.0171080433873028,0.025968531216686408,0.03251152102413971,0.6654147121306315,SPY,-0.1886114432799776,False,normal
2025-10-08 00:00:00-04:00,666.4552183740389,669.398481470165,665.6299006256374,669.2990112304688,60702200,0.0,0.0,0.0,0.005963052412792269,0.006971336134344197,0.034906131900431125,0.003630297143583643,0.0042644182811329015,-1.0194566530626428,67.98167961731039,0.01625731798896697,0.10836792153023289,0.03740040467199495,0.7078115286191392,SPY,-0.17967571855207537,False,normal
2025-10-09 00:00:00-04:00,669.7166839203261,670.1243359074817,665.4211353124821,667.3600463867188,66501900,0.0,0.0,0.0,-0.0028970083792374535,0.0028989891327806383,0.023403344032835616,0.0033202850803382648,0.004336579919998486,-0.5635808424514182,60.98997686113116,0.016018276517977124,-0.028326046264895766,0.03317041653775985,0.6077310470792912,SPY,-0.17695710593860647,False,normal
2025-10-10 00:00:00-04:00,668.324542434099,670.1342452495495,649.14378031214,649.32275390625,159422600,0.0,0.0,0.0,-0.02702782789908964,-0.02419278204702513,-0.003923725407196432,0.00954105953582833,0.006732104887184349,3.488159026744713,35.88054533704155,0.016768880633816614,-1.3224708630687374,0.004544395290527392,0.13418932044577223,SPY,0.008950173881802637,True,volume_surge
2025-10-13 00:00:00-04:00,656.9095884512618,661.3642043859337,656.0345659370097,659.2860107421875,79560500,0.0,0.0,0.0,0.015344074693208754,-0.012760390437823177,0.006004224722608864,0.010871011758706505,0.007156456840007087,0.019753374065871354,49.84629310539649,0.01639234794550563,-1.4842984171225284,0.018609418240452896,0.1979678520716877,SPY,-0.13130106664895208,False,normal
2025-10-14 00:00:00-04:00,653.4492417720955,662.0602448848334,649.4718888267987,658.4805908203125,88779600,0.0,0.0,0.0,-0.0012216548034567065,-0.01029714076764876,0.006160509359300015,0.010790932818216453,0.006991937312633514,0.36545565740744074,51.04571516180931,0.015869398279979532,-1.611776956480285,0.01634060913917387,0.22270858716562594,SPY,-0.1567140290398591,False,normal
2025-10-15 00:00:00-04:00,663.0446129876665,666.4352795829697,655.1992699391986,661.4039306640625,81702600,0.0,0.0,0.0,0.004439523175783,-0.011796043971276093,0.011884583377532287,0.010837732276668004,0.006974007160578555,0.1007006551897545,56.60237311239485,0.015002490318811833,-1.4694092603038262,0.019634084550285313,0.24859183592105363,SPY,-0.15905493790407993,False,normal
2025-10-16 00:00:00-04:00,663.0445999065358,664.9239136533134,653.3895542222015,656.8995971679688,110563300,0.0,0.0,0.0,-0.006810261153983976,-0.01567437139125416,0.00031944736442457433,0.010999193302432564,0.006987634523287812,1.3029245694576796,48.92091256139569,0.01497217727312148,-1.6360380005844766,0.01177166329507376,0.15324403694001915,SPY,-0.11981265386934181,False,normal
2025-10-17 00:00:00-04:00,655.7660892614911,661.9906565438909,654.4138037793879,660.62841796875,96500900,0.0,0.0,0.0,0.0056763938002961645,0.017411470635344983,0.001039630538557379,0.011214451702248333,0.00701063012738165,0.6986877966744065,50.627556029070654,0.014949442961951344,-1.4584552324572764,0.016459800532340602,0.4372500285869379,SPY,-0.136508110423534,False,normal
2025-10-20 00:00:00-04:00,663.5418206897375,668.4041493887289,663.4921159142255,667.499267578125,60493400,0.0,0.0,0.0,0.010400475399621634,0.012457805416941081,0.006688175705218846,0.011698102986220357,0.00721503728863958,-0.8338909270017528,54.19811058354926,0.015487608385610089,-0.870595488789804,0.02590510799598316,0.42759539822590126,SPY,-0.1418791458596061,False,normal
2025-10-21 00:00:00-04:00,667.638493864759,669.1797060532549,666.1867381348511,667.4893188476562,56249000,0.0,0.0,0.0,-1.4904481475785936e-05,0.01368108362331677,0.012183057209519843,0.0116255661597636,0.007215771141218605,-0.9376277486509454,52.4182614233037,0.015909312601721463,-0.4935308764219153,0.024726942328901328,0.47627660940078714,SPY,-0.15906294138700078,False,normal
2025-10-22 00:00:00-04:00,668.1953369980629,668.1953369980629,659.5445816579371,664.0191040039062,80564000,0.0,0.0,0.0,-0.0051989069274410715,0.003953973084523499,0.01013469002297751,0.011566208777962534,0.00730013055063267,0.05267077466813538,48.84447462739277,0.015617415454347819,-0.48805616146082764,0.018563384909697542,0.3427172968717347,SPY,-0.15200482740440213,False,normal
2025-10-23 00:00:00-04:00,664.3372592841532,668.9012985038863,664.019063764971,667.9566650390625,65604500,0.0,0.0,0.0,0.005929891190499692,0.01683220376258876,0.02083429527998315,0.011718358358210699,0.007229475717610095,-0.5241136098025396,51.94981233897124,0.014980405089454597,-0.24191445951439272,0.023708572854162727,0.558058997306037,SPY,-0.1681178688234361,False,normal
2025-10-24 00:00:00-04:00,672.6300829996666,674.628651928334,671.8246714345047,673.4155883789062,74356500,0.0,0.0,0.0,0.008172571104630766,0.019356070768910216,0.02331442009863216,0.006972816407695464,0.007348223842918332,-0.16866970750490998,54.11801297354628,0.016107892811597434,0.23981065272721303,0.031003898516847626,0.6929137252788706,SPY,-0.18966805087046873,False,normal
2025-10-27 00:00:00-04:00,678.8645527756448,681.658640907831,678.2580209918731,681.3603515625,63339800,0.0,0.0,0.0,0.011797712023148943,0.02076569167583786,0.03248552626212198,0.006378015476560379,0.007568002035828266,-0.6049681187722785,60.89485364644127,0.019733556757735162,1.002035970602718,0.041785105160066595,0.7587247553242897,SPY,-0.15125053292897062,False,normal
2025-10-28 00:00:00-04:00,683.1600908523567,685.0095454543999,680.9526890414517,683.1700439453125,61738100,0.0,0.0,0.0,0.002655998956591077,0.023492098906881642,0.03134287554742299,0.006186409809098371,0.007554141014491435,-0.6161063962484429,59.71314833858311,0.023151985923039794,1.5063065439670922,0.04310772958199828,0.771234311685683,SPY,-0.15359732690699818,False,normal
2025-10-29 00:00:00-04:00,684.8206562449755,685.795149064121,679.0038013689816,683.4982299804688,85657100,0.0,0.0,0.0,0.0004803870398957244,0.029335189091860725,0.028334293552232603,0.006260412945851154,0.0075394188980061755,0.34528630702611157,61.5615287218157,0.025953907445907812,1.7244819328156318,0.04204736759341485,0.774135853014509,SPY,-0.10636723536646969,False,normal
2025-10-30 00:00:00-04:00,680.0279821977349,682.0564104652303,675.9810180664062,675.9810180664062,76335800,0.0,0.0,0.0,-0.010998143937076876,0.01201328386606404,0.01585446021576309,0.007096755743799254,0.007849789729756335,-0.08100163657467821,72.48787739465321,0.02663336144798352,1.247295876202437,0.02922984765540811,0.5839538998935822,SPY,-0.11495204459024821,False,normal
2025-10-31 00:00:00-04:00,681.1614116072222,681.2012239761448,675.3942622450203,678.1983032226562,87164100,0.0,0.0,0.0,0.0032800997320787673,0.007102174238739156,0.019201615077974576,0.007032386588390479,0.007826617307837541,0.3395576218417782,68.35198781385424,0.027545136722591325,0.9776756404273383,0.031098892237051454,0.5488973328058442,SPY,-0.17788893585877258,False,normal
2025-11-03 00:00:00-05:00,681.7878948104295,681.9171636388411,676.0903560257897,679.4711303710938,57315000,0.0,0.0,0.0,0.0018767772528909266,-0.0027727195852735864,0.017465565060571064,0.006483840103301072,0.007796229231357997,-0.9274412403957214,70.18555668054726,0.028584142209733758,0.7897861540404527,0.031791987773801676,0.45480972490384497,SPY,-0.17343547929310354,False,normal
2025-11-04 00:00:00-05:00,672.2820616639051,676.1103005794487,670.7607556049009,671.4169921875,78427000,0.0,0.0,0.0,-0.011853539942447533,-0.017203698935536638,0.009146398798692834,0.007799057937498389,0.008057952058857456,-0.04760156480822632,58.76420507742112,0.028542916484817157,0.0659481749305737,0.018499053032992912,0.26995173298179065,SPY,-0.1158569787343276,False,normal
2025-11-05 00:00:00-05:00,671.1583975728993,677.0051112074705,670.3529860359731,673.7437133789062,74402400,0.0,0.0,0.0,0.003465389196996238,-0.014271458467187581,0.0066408317864778965,0.007559073580166306,0.008040870442151352,-0.25148949209370935,65.32756309332191,0.02872347230700245,-0.29353526891826043,0.020975081551829644,0.26903081737612655,SPY,-0.1666424627804895,False,normal
2025-11-06 00:00:00-05:00,672.6399897028363,673.5448715272548,664.9338680034818,666.514892578125,85035300,0.0,0.0,0.0,-0.010729333212666003,-0.014003537429731927,-0.0012664135546766042,0.008271728616364238,0.008258804660051718,0.16861586354082375,55.035724789918234,0.028753941670689582,-1.0149469728401401,0.00924610756226208,0.21686581138053662,SPY,-0.14411184672911087,False,normal
2025-11-07 00:00:00-05:00,664.1284090392404,667.2805048704689,657.4663915648358,667.1710815429688,100592400,0.0,0.0,0.0,0.0009845075813768034,-0.016259583114980436,0.027487605400157822,0.007761317066177014,0.008203403523635074,1.520686938759993,49.685841041069416,0.025243543125570374,-1.4198745329889144,0.009514874901675277,0.4004743022048963,SPY,-0.15481969845439225,False,normal
2025-11-10 00:00:00-05:00,673.4056154266486,678.3176487268574,671.2081667723378,677.5818481445312,75842900,0.0,0.0,0.0,0.015604343307994428,-0.0027805187624831973,0.027750986831568403,0.008510681917612681,0.008648636909283348,-0.14881378701887776,58.05683969608097,0.024554189511187312,-0.9794584537482143,0.024091334352504584,0.4677478443696438,SPY,-0.14869463184773696,False,normal
2025-11-11 00:00:00-05:00,676.1002762110339,679.6997756663966,674.8871520395073,679.1329956054688,58953400,0.0,0.0,0.0,0.0022892399865568347,0.011492118173580534,0.03136372593674808,0.008496236491835635,0.008636045526309944,-1.1664408530766506,62.446744970732325,0.02351178837149159,-0.5954525089215448,0.02506467265976513,0.6220904959494171,SPY,-0.187797874474867,False,normal
2025-11-12 00:00:00-05:00,680.9129156193362,681.0819968300743,677.0946904605516,679.5109252929688,62312500,0.0,0.0,0.0,0.0005564884786124491,0.008559949131308642,0.027376605716156632,0.00849730595913946,0.008622810254663653,-0.8638136159780826,60.10790017119724,0.02281686131295208,-0.3404484304018345,0.024361539981428433,0.5714242779114755,SPY,-0.19825998924585037,False,normal
2025-11-13 00:00:00-05:00,676.6472315164618,677.0051787486752,666.7237544337754,668.235107421875,103457800,0.0,0.0,0.0,-0.016594019980226582,0.0025809098384825813,0.01725607734085388,0.009398145841897463,0.009186187315583608,1.939637698334029,45.8866461406622,0.02024159460311382,-0.9226069507439432,0.006617432672426763,0.4058585478887068,SPY,-0.09955139309039229,False,normal
2025-11-14 00:00:00-05:00,661.612768198211,671.8345335183507,659.5147291242073,668.1256713867188,96846700,0.0,0.0,0.0,-0.00016376876033719068,0.0014308021887614597,0.011348669258008481,0.009281695570753984,0.009186337189262808,1.481658536077899,37.99818674168083,0.018598368506231415,-1.2842498479797904,0.005654846006262147,0.3593502068555201,SPY,-0.14013539715560186,False,normal
2025-11-17 00:00:00-05:00,665.9083353081996,669.8956413839408,658.4209391867944,661.901123046875,90456100,0.0,0.0,0.0,-0.009316433429244597,-0.023142185908013646,-0.008386742582597306,0.009507250450911645,0.009322216126394852,0.9444042142256647,32.142271465584486,0.01980174182314905,-1.8760450225777934,-0.004269661086216258,0.12583325994924013,SPY,-0.12011885064522088,False,normal
2025-11-18 00:00:00-05:00,658.3512953245886,661.354216097308,652.146634691611,656.3427734375,114467500,0.0,0.0,0.0,-0.00839755277010068,-0.033557819036094005,-0.016699211650906265,0.009190040858319202,0.009420934955239817,2.1803186703653874,29.04063125034864,0.022558148970844225,-2.5342811721800516,-0.012972354425417693,0.10318916316285004,SPY,-0.04389955862148709,False,normal
2025-11-19 00:00:00-05:00,657.0388554539629,663.5617119214406,655.0203196831769,658.8783569335938,94703000,0.0,0.0,0.0,0.00386320014283692,-0.03036385081002091,-0.007741866219382554,0.009218252148065837,0.009379660699686656,0.879237417746155,35.70001101479478,0.023730526149220072,-2.6773433697822897,-0.009521339185382071,0.12310477364621683,SPY,-0.08570344425101473,False,normal
2025-11-20 00:00:00-05:00,669.1001291109939,671.7351497651099,648.1991802397498,648.8355712890625,165293500,0.0,0.0,0.0,-0.015242245459799575,-0.02903100408426318,-0.028626248903260487,0.009776313845963547,0.009752735493531015,3.241077913098875,28.290051430600442,0.028449503477977863,-3.2866248841318204,-0.024522754400062116,0.06892076314199581,SPY,0.01339208185570151,True,volume_surge
2025-11-21 00:00:00-05:00,651.3412595795126,660.7874729698119,647.1650267848305,655.2987670898438,123956200,0.0,0.0,0.0,0.009961222976632822,-0.019198340740675723,-0.02690288374920846,0.010529385299643952,0.008605217635789007,1.3917868488413467,33.40162010006512,0.030448434248244036,-3.0953200324930625,-0.014907056595939817,0.0818701859487205,SPY,-0.05378163442424144,False,normal
2025-11-24 00:00:00-05:00,658.9380055466532,666.2662734630499,657.8442577670318,664.9437866210938,80437900,0.0,0.0,0.0,0.014718507062180475,0.004596855131794753,-0.024093807195795458,0.010369733361056626,0.008568287711454155,-0.3241574477042403,45.65009641713741,0.02975859786028938,-2.2021402553961584,-0.0006961658480756928,0.24724446015813287,SPY,-0.1009685914285377,False,normal
2025-11-25 00:00:00-05:00,664.8444060411854,672.3815071629971,660.717877921785,671.1982421875,81077100,0.0,0.0,0.0,0.009405991442055894,0.022633705056576803,-0.01752389740140714,0.010913971570444433,0.008720677457175917,-0.34692050941197017,48.37524591534673,0.028316040591229004,-1.12721958059551,0.008195718558872939,0.41037839467148246,SPY,-0.13308021574408507,False,normal
2025-11-26 00:00:00-05:00,673.7934667684052,677.8404309302599,672.8885849296569,675.8318481445312,71879600,0.0,0.0,0.0,0.006903483450626968,0.025730836401788526,-0.0112163887186022,0.011203080664676119,0.008768827924928812,-0.6832634561000012,56.15071257438754,0.02695464558173844,-0.09560602404848345,0.01447931805793372,0.4322938202707457,SPY,-0.14878920547771607,False,normal
2025-11-28 00:00:00-05:00,677.0051081523229,679.7991961322198,676.6471609574353,679.5208129882812,49212000,0.0,0.0,0.0,0.005458406338614941,0.0472927858105181,0.005236530061155209,0.009757190967363038,0.008689481654641777,-1.453924147515642,57.83894856688713,0.02748250869509446,0.7947176989528165,0.019318093239758843,0.5535347693833678,SPY,-0.07995123888111744,False,normal
2025-12-01 00:00:00-05:00,674.9667014318244,679.1230277654502,674.8970904760725,676.41845703125,61201200,0.0,0.0,0.0,-0.004565505423429594,0.03222910068211782,-0.00262437429133755,0.009948971782525209,0.008707330054019817,-0.9276351655801666,49.18602078033528,0.027233404322124687,1.1145939006438372,0.014163088175979846,0.48628558635642943,SPY,-0.11345079925766366,False,normal
2025-12-02 00:00:00-05:00,678.0591325179204,679.9483994968172,675.4838303983408,677.67138671875,62953800,0.0,0.0,0.0,0.001852299674079072,0.01914086627131506,-0.0026487418992486855,0.009228168390110808,0.008521026738930253,-0.8827337620411817,48.97308413425659,0.026936559010985427,1.3355599784534073,0.015596786991167778,0.46295698027304144,SPY,-0.1628897347573114,False,normal
2025-12-03 00:00:00-05:00,676.7167950740063,681.0321891246488,675.8417725523884,680.0180053710938,57238500,0.0,0.0,0.0,0.0034627677932603795,0.0131403252112956,0.012810240556425878,0.008413002629337949,0.008536866605631977,-1.0279675517221591,50.346680321719745,0.027890946521575415,1.5497003632261368,0.01848583583686286,0.5389058804097768,SPY,-0.1581177076796904,False,normal
2025-12-04 00:00:00-05:00,681.4199577792665,681.4895687361658,677.4824173401821,680.51513671875,61970300,0.0,0.0,0.0,0.0007310561539983773,0.006929665399872054,0.010050443819184851,0.00845953847697454,0.0084649911364768,-0.8213563344444027,59.846871242524216,0.028732190072943694,1.6267749033736094,0.018523861708278792,0.43076743113176674,SPY,-0.16117699662973728,False,normal
2025-12-05 00:00:00-05:00,681.5890143183475,684.4925257185774,680.7040993957534,681.8078002929688,79241000,0.0,0.0,0.0,0.0018995368427094927,0.003365588310136003,0.02294458516251563,0.005516772811241128,0.00841346432328987,-0.19198093679339584,60.76685140974779,0.029704244883605575,1.6609601118858062,0.019619755184925834,0.5534386471740991,SPY,-0.1515932456378069,False,normal
2025-12-08 00:00:00-05:00,682.7027235077143,682.7524282821314,677.7111260885928,679.7594604492188,55231500,0.0,0.0,0.0,-0.0030042775146746914,0.004939255254257979,0.018868292188469526,0.005735956046148414,0.008318944350844142,-0.9540836935847851,65.04189340910474,0.030207744968908944,1.4494703761005945,0.01589759592812925,0.5435517287758964,SPY,-0.16379620681258306,False,normal
2025-12-09 00:00:00-05:00,679.2822138612034,681.5095218770947,678.7253868572307,679.1727905273438,58310100,0.0,0.0,0.0,-0.0008630551776172002,0.00221553372035288,0.0023479707834102026,0.004356565538485323,0.008034235682808531,-0.8013943600598102,70.98720612762573,0.030382391305473256,1.1850597096661337,0.014437121453342612,0.44101649455358594,SPY,-0.1627338913080626,False,normal
2025-12-10 00:00:00-05:00,678.6955405173951,685.0692222502689,677.4526176554032,683.6771850585938,85671300,0.0,0.0,0.0,0.006632177546088913,0.005381004118417687,0.006691162824556507,0.003906780594512789,0.008113266467713865,0.1012287501696207,72.00071907311418,0.031072299804684546,1.2235389221544315,0.02051665244024424,0.5108841972722147,SPY,-0.14907731203091606,False,normal
2025-12-11 00:00:00-05:00,681.2609148661827,685.3476304583654,678.3076987410943,685.26806640625,86173700,0.0,0.0,0.0,0.002326948130527251,0.0069843114885250746,0.008472477629111186,0.0034955214946956834,0.008123590414181649,0.07803344388192242,88.0240077611368,0.03198477643712707,1.2611242013178061,0.022262581926512023,0.5507445090078427,SPY,-0.1002011817497695,False,normal
2025-12-12 00:00:00-05:00,684.2737672143002,684.9797692517327,675.3247225627367,677.9000854492188,113160300,0.0,0.0,0.0,-0.01075196892753394,-0.00573140237185743,0.014463439469129868,0.004883808833254144,0.008112090569294567,1.0088884790036425,73.15138993770547,0.03212411193135722,0.7215708780478227,0.010895172018782437,0.4414204356517888,SPY,-0.11229779451903327,False,normal
2025-12-15 00:00:00-05:00,681.8574988128718,681.8774049984522,675.4042533093998,676.8758544921875,90811000,0.0,0.0,0.0,-0.0015108877827512135,-0.004242097572464298,0.013096612628740179,0.004673365312772215,0.008095004329305763,0.23435928424914734,64.84412132722187,0.03211941505273077,0.2517612354341465,0.009023111399734452,0.4590866812909117,SPY,-0.17518226995708225,False,normal
2025-12-16 00:00:00-05:00,675.3843754405706,677.2239376857725,671.1584377196804,675.0264282226562,122030600,0.0,0.0,0.0,-0.00273229759527871,-0.006105018284769725,0.019829706762488408,0.004704677528115702,0.008101237557584512,1.2277675641730474,55.34869122426851,0.031230030212096766,-0.20294207333301895,0.006049631756232623,0.48196718438596786,SPY,-0.1499715388262971,False,normal
2025-12-17 00:00:00-05:00,676.0406154817738,676.5874893555698,667.3998140691156,667.5986938476562,110625200,0.0,0.0,0.0,-0.011003620102041367,-0.02351766529924426,0.01714945431821402,0.005541197056442575,0.008060415082670025,0.8536227232777255,39.329852857109124,0.02920667305195722,-0.9798727712063728,-0.005087789137786142,0.35726934065158944,SPY,-0.11444677219447963,False,normal
2025-12-18 00:00:00-05:00,673.7635606688432,676.8857972779194,671.0788959983324,672.6399536132812,108650100,0.0,0.0,0.0,0.0075513325776148665,-0.01842798958835823,0.02088639964398542,0.006263743565879471,0.008157695951931379,0.7525776226157604,41.38441220333846,0.02728296069052535,-1.120065958525628,0.002325313183813456,0.391487795677655,SPY,-0.14148078756643412,False,normal
2025-12-19 00:00:00-05:00,674.747283458469,679.2350273728672,674.6275542880097,678.7363891601562,103599500,1.993,0.0,0.0,0.009063445479451815,0.0012336681007840689,0.046083814134432854,0.007015301562559023,0.008061722490286555,0.8613465070056638,52.69987244321774,0.020623448593530398,-0.7839235411857763,0.011067035716767464,0.6189553522414569,SPY,-0.17914159461208334,False,normal
2025-12-22 00:00:00-05:00,682.0772531068674,683.4933686131409,678.7364013691785,682.96484375,69556700,0.0,0.0,0.0,0.006229892278320159,0.00899572531270243,0.04221902748729445,0.007242743313094932,0.008126137062332686,-0.498902153622952,55.76601395524387,0.015225564418257545,-0.284267796377371,0.016347203591813356,0.6745020724982268,SPY,-0.20886381035624246,False,normal
2025-12-23 00:00:00-05:00,682.0572680421344,686.325640311278,682.0074163952171,686.0863037109375,64840000,0.0,0.0,0.0,0.004570454818432879,0.016384359227833434,0.031795946537494846,0.007332859237844917,0.007670469131605111,-0.670662276910475,56.500300078378075,0.013596177826465954,0.22168424725774116,0.020178625369317207,0.7043152913611369,SPY,-0.19813557768627355,False,normal
2025-12-24 00:00:00-05:00,686.0763204450832,688.9484813838191,685.9267046355759,688.4996948242188,39445600,0.0,0.0,0.0,0.0035176203055324873,0.031307731979074216,0.025776963569409395,0.007132229286776689,0.007683923773700085,-1.5982975067977179,58.215694705222134,0.014138209269810487,0.6593672839233702,0.02285408324788664,0.7291509219451735,SPY,-0.12247384102438497,False,normal
2025-12-26 00:00:00-05:00,688.758988861415,689.7761694005526,687.392725060237,688.4298706054688,41613300,0.0,0.0,0.0,-0.00010141503224314619,0.023474545196679797,0.018640764704304535,0.007112981745200377,0.007684652415756595,-1.369186773840463,56.9896587721557,0.015112652364257273,0.8713407289290984,0.021929731089531855,0.6686989898405749,SPY,-0.15615611296988735,False,normal
2025-12-29 00:00:00-05:00,685.6674092439482,687.322922191004,684.2014421207446,685.9765625,62559500,0.0,0.0,0.0,-0.003563628207054803,0.010667135953624785,0.009500444119332707,0.006149348275063848,0.007027445919263336,-0.5768169646865453,56.50658635232154,0.015613730988433532,0.7766374411745232,0.017409666862653234,0.5335529160648076,SPY,-0.18564943431630637,False,normal
2025-12-30 00:00:00-05:00,685.5777200962995,686.6846823672308,684.7100944386586,685.138916015625,47160700,0.0,0.0,0.0,-0.0012211007345822589,0.0031832857657616564,0.012892106792367075,0.006135810779480968,0.00703559980116983,-1.1438224619224597,56.21129417003739,0.015681879131551064,0.5960172578271066,0.015429031953971488,0.48110436269529483,SPY,-0.18531193673536794,False,normal
2025-12-31 00:00:00-05:00,685.2685588951464,685.4879304984822,679.8533550408816,680.062744140625,74144800,0.0,0.0,0.0,-0.007408967373390696,-0.008779594546242886,0.003528786176813181,0.006629801314500672,0.006948518969471238,-0.0980089631040443,46.28130206784218,0.015548279295606355,0.0991632049268043,0.007530546063042402,0.31826878380870893,SPY,-0.17178171844000678,False,normal
2026-01-02 00:00:00-05:00,683.842447277036,684.999261161205,677.9684744567207,681.309326171875,89377200,0.0,0.0,0.0,0.0018330397334518356,-0.010443532083452167,0.0018989508962730106,0.005183217970459912,0.006722529206388903,0.45052859348547747,45.89801059139493,0.01554015134144802,-0.1665768302873909,0.00896422482423102,0.32734615517734633,SPY,-0.17611799243233206,False,normal
2026-01-05 00:00:00-05:00,684.6701449336617,687.5522884526621,684.5106074856512,685.846923828125,71927200,0.0,0.0,0.0,0.006660113816063129,-0.003751938850462766,0.007834928015096665,0.00508478746129963,0.006778932330997063,-0.27619231592307536,58.747492319498335,0.015869271540300944,-0.06312395381186864,0.015027820985084846,0.400825143887587,SPY,-0.19076922724541973,False,normal
2026-01-06 00:00:00-05:00,686.0563439630641,690.4344019511112,685.9067890249802,689.92578125,69273800,0.0,0.0,0.0,0.005947183373089304,0.005757075337395445,0.011906553362315497,0.004680341294419033,0.006054613253121627,-0.3626664296116566,63.45959664072728,0.01687694311667696,0.23717685872509175,0.02040084209887794,0.5304772682366043,SPY,-0.19713515147203087,False,normal
2026-01-07 00:00:00-05:00,690.3047811958188,692.0699799720542,687.4426026835383,687.701904296875,75588300,0.0,0.0,0.0,-0.0032233567922274053,0.0037408301022439083,0.01168419758719863,0.004605776130089562,0.005939222940388643,-0.15125757327183229,62.973184673126916,0.017285562011233557,0.24234952167789636,0.01668208696113149,0.5026912904253256,SPY,-0.19730307758175142,False,normal
2026-01-08 00:00:00-05:00,686.9439569075789,688.7390423054183,685.6175622141362,687.632080078125,64019200,0.0,0.0,0.0,-0.00010153268198576093,0.0111303493724908,0.012455283351697544,0.004402109883337354,0.005405106078228905,-0.6503641283543974,74.13969864336659,0.017549215169039494,0.1991846681799312,0.016390381602420685,0.6091170644960747,SPY,-0.1955861054328057,False,normal
2026-01-09 00:00:00-05:00,688.7489932725086,693.4162394407576,687.3029303433501,692.1796264648438,80125500,0.0,0.0,0.0,0.006613342394092614,0.01595501466866245,0.012436339243236949,0.004753523905125578,0.005280323110190107,0.03748869308890159,73.82830174923419,0.01867302123878247,0.4222013916424938,0.022839694393837214,0.6396359097502706,SPY,-0.18036764023934787,False,normal
2026-01-12 00:00:00-05:00,688.7988836287034,694.1941832506386,688.7490319805348,693.2666625976562,63976000,0.0,0.0,0.0,0.0015704538117717881,0.010818359770599084,0.01167221498201898,0.0047577253168514105,0.005164620972844829,-0.5906411614927329,70.18565810261919,0.01983855485386098,0.5785607031927653,0.02415034682436852,0.5796359360371101,SPY,-0.20325910354773458,False,normal
2026-01-13 00:00:00-05:00,693.595779418591,694.194181802135,689.467040360938,691.8804931640625,78309700,0.0,0.0,0.0,-0.0019994751058702853,0.0028332205683356815,0.020623109533286943,0.004625467137282344,0.005115012649767535,0.08571082042429244,63.447722199313255,0.02024267203623924,0.5257909685797708,0.021622666073612955,0.5562801668863808,SPY,-0.19566206242584422,False,normal
2026-01-14 00:00:00-05:00,689.1180078469732,689.8360176539858,684.1714948792828,688.479736328125,94676700,0.0,0.0,0.0,-0.0049152373416185835,0.0011310598769467273,0.017143294089937866,0.004947094930807633,0.005127606721971029,0.7995126548092591,53.57991869129487,0.019834696654230304,0.21494483047286028,0.01629257241670465,0.5029789560707485,SPY,-0.1743810477515596,False,normal
2026-01-15 00:00:00-05:00,692.678285342935,693.5558934557131,689.3673203481677,690.3546142578125,77862000,0.0,0.0,0.0,0.0027232143965294497,0.003959289071240324,0.02270753468944231,0.004115526957266825,0.005137385418793644,0.17503140414653479,52.81987709096311,0.019047863646528412,0.0948252537849843,0.01873282497129599,0.6011915824282994,SPY,-0.19122477535296384,False,normal
2026-01-16 00:00:00-05:00,691.7707369284135,692.359156800422,688.22043529661,689.7761840820312,79289200,0.0,0.0,0.0,-0.0008378739908954103,-0.003472281313865788,0.03321979272691,0.004178476282450107,0.005115600912833896,0.35814818396730724,52.01551887060199,0.014861269185673093,-0.05623426034515422,0.017328025502611526,0.6008051658896716,SPY,-0.18001457761610057,False,normal
2026-01-20 00:00:00-05:00,679.6338820353151,682.9049778344743,674.7272992054969,675.7345581054688,111623300,0.0,0.0,0.0,-0.020356785723545046,-0.02528912096608693,0.004600684921500564,0.007611309032967386,0.006374848477475867,2.097512323731549,38.616706474638335,0.013672303789882195,-1.0778290727845201,-0.0034400257265569468,0.22037922270692234,SPY,-0.06177195788576906,False,normal
2026-01-21 00:00:00-05:00,677.7989248999835,686.8641332264262,676.2830453044572,683.5332641601562,127844500,0.0,0.0,0.0,0.011541079202094462,-0.012064553179889859,0.007067360873247885,0.008382511256671268,0.006718892329888215,2.537477364363746,48.45456028828667,0.012779446743558581,-1.1952492992436272,0.007555592044280087,0.267283005426918,SPY,-0.10556587419373287,False,normal
2026-01-22 00:00:00-05:00,687.9711412752974,689.2476843606095,685.0491285530771,687.103515625,77112200,0.0,0.0,0.0,0.005223230019727687,-0.001998926955301239,0.006059860786209015,0.008546191944449904,0.006755368461255824,0.12176417106977688,56.979057246383746,0.012511525732450617,-1.006920928240004,0.012223479615769426,0.32498366930104605,SPY,-0.18533736204376156,False,normal
2026-01-23 00:00:00-05:00,686.2757685331861,689.0781127396581,685.2884137823622,687.352783203125,63059600,0.0,0.0,0.0,0.0003627802397405677,-0.004348245079689561,0.0018459477843200123,0.008547166001987207,0.006751293879520776,-0.5376615701993349,56.11131408699305,0.012498714435146727,-0.8464702008392218,0.012299267630668487,0.27431745126310453,SPY,-0.19087597837499803,False,normal
2026-01-26 00:00:00-05:00,688.609372319757,692.2394730275811,688.0409174669724,690.84326171875,60473800,0.0,0.0,0.0,0.005078147060609828,0.0015469911274754722,0.003403874993916478,0.00842798846431412,0.006707817723468682,-0.7576375478888412,55.16175081764153,0.0127124385210395,-0.5031279458491449,0.017089051678250748,0.33994911744127415,SPY,-0.1974085690092568,False,normal
2026-01-27 00:00:00-05:00,692.2893344912051,694.6329705879123,691.6810104865692,693.5957641601562,55506100,0.0,0.0,0.0,0.003984264729684606,0.02643228149343768,0.007503877700925532,0.00851718374628519,0.006731278507655844,-1.1004310034157947,53.898319134091984,0.013370894844008082,-0.10910057156547825,0.020718085317814886,0.5590729683230442,SPY,-0.1580748350890971,False,normal
2026-01-28 00:00:00-05:00,695.1515053497095,695.9393926651097,692.0499903412962,693.5259399414062,61172200,0.0,0.0,0.0,-0.00010066990364987483,0.014619150676635773,0.011005299385000944,0.008486776509923596,0.006393879874507221,-0.7930334872379754,56.48306551217059,0.013900337698542247,0.11617405578817763,0.01985617302911718,0.5254649813297724,SPY,-0.19906163566817958,False,normal
2026-01-29 00:00:00-05:00,694.4933553961189,695.1615135683285,682.9648421722587,692.1497192382812,97486200,0.0,0.0,0.0,-0.0019843824489698125,0.007344167943444724,0.010232674073495929,0.00833709037416335,0.006400310436717034,1.0392704410586393,54.886713683762686,0.014050951025861092,0.14023250661011755,0.01711373091466285,0.44896598526797904,SPY,-0.17963291064782877,False,normal
2026-01-30 00:00:00-05:00,689.9058246991844,692.3192774332931,685.2485609149509,690.0853271484375,101835100,0.0,0.0,0.0,-0.0029825802604032114,0.003975460654394469,0.0147377327962257,0.008368035177611163,0.006405186215322779,1.1591100455526877,47.60599737538156,0.012956433332857696,-0.007325736014810236,0.013240806245202014,0.4472069576006425,SPY,-0.1670685155615556,False,normal
2026-02-02 00:00:00-05:00,687.7019133171445,695.0318708971434,687.5423149981101,693.5159912109375,79286500,0.0,0.0,0.0,0.004971362130935519,0.0038687928800782423,0.017916480180374172,0.008504497979129468,0.006047945208206519,-0.012622331445478753,50.27051437927263,0.012299329322463602,0.09598359260604328,0.017167636400807592,0.45307777268105165,SPY,-0.18789827694650896,False,normal
2026-02-03 00:00:00-05:00,694.3138377504575,695.0617950648859,682.1670182684101,687.6520385742188,107904600,0.0,0.0,0.0,-0.00845539643070059,-0.008569437550032477,0.002631949905116393,0.005579871930616356,0.006180948868420334,1.354630824105574,45.81854087361686,0.012132731729505382,-0.2422632807931704,0.00771653076367636,0.33631487427661905,SPY,-0.13231868568898741,False,normal
2026-02-04 00:00:00-05:00,688.4697490630058,689.5667896413613,679.9031787408285,684.3211059570312,105204600,0.0,0.0,0.0,-0.004843921678897134,-0.013272515783840255,-0.00812359161707843,0.004730916822008557,0.006056567785023068,1.0987390876095862,45.881902115138466,0.012550580421346031,-0.6773339801518912,0.0017933233965729055,0.27630149427538353,SPY,-0.14996740933207137,False,normal
2026-02-05 00:00:00-05:00,679.0854402743204,681.8279505601881,673.9494421186707,675.7744750976562,113610800,0.0,0.0,0.0,-0.012489211256201727,-0.023658528907078313,-0.017343894388970327,0.005804189310504211,0.0063792805839095485,1.3535027036358553,37.24706989359763,0.015229621015285855,-1.4815947486952084,-0.011311001289553372,0.19741512746269352,SPY,-0.10291418383578743,False,normal
2026-02-06 00:00:00-05:00,679.6039887472712,690.4244132010324,678.995603890688,688.739013671875,89127600,0.0,0.0,0.0,0.019184711840951385,-0.001950937693641075,0.0016097759627855535,0.008804373234513396,0.007263367367470538,0.13885334733759655,49.25437052049898,0.015219355330589667,-1.0989265883722454,0.006955599141337641,0.2983615851139381,SPY,-0.13750694114419398,False,normal
2026-02-09 00:00:00-05:00,687.5423060693106,693.9747512796714,686.4652913399738,692.0599975585938,73885200,0.0,0.0,0.0,0.004821832103010459,-0.0020994377502405737,-0.00017282927967843253,0.008789070926644634,0.0072880540908994455,-0.5836012327196902,63.87525157735413,0.015206811318825656,-0.6052989224330261,0.011194132115697501,0.2872814194542765,SPY,-0.1949961539342283,False,normal
2026-02-10 00:00:00-05:00,693.0572335194393,694.64286887948,689.7761552680904,690.2349243164062,65185700,0.0,0.0,0.0,-0.002637160432080843,0.0037560940669103537,-0.0043731199620794525,0.008722351800207867,0.00730632359547736,-1.010130540704146,56.33957974830719,0.014911475568564909,-0.395030511101246,0.008103143160893295,0.31331660614121903,SPY,-0.1978955735230497,False,normal
2026-02-11 00:00:00-05:00,694.4933668556342,695.2413241987686,687.3029816841566,690.075439453125,76353900,0.0,0.0,0.0,-0.00023105881441631837,0.008408820721737431,-0.0026089096726557015,0.008721866453633625,0.007273756272193194,-0.4630160016141809,53.005285713032436,0.014768154810484699,-0.2661944948856152,0.007559576149391488,0.3813410756837536,SPY,-0.20922109468532046,False,normal
2026-02-12 00:00:00-05:00,692.3491972008484,693.4561594586687,678.5169776231163,679.41455078125,118829000,0.0,0.0,0.0,-0.0154488742279012,0.00538652437718623,-0.01316696057784128,0.009937183794684596,0.007814943975328148,1.4486770366839405,43.3689545014757,0.01585049443929206,-0.8647208699535025,-0.008092867202911368,0.28023128913727036,SPY,-0.11819305481782805,False,normal
2026-02-13 00:00:00-05:00,679.833354327075,684.410879804094,675.6747287653898,679.8931884765625,96267500,0.0,0.0,0.0,0.0007044854938154099,-0.012843508237108225,-0.015153698642974778,0.009957266673865069,0.007698172699554579,0.3758492540692536,40.368435283569184,0.01655488998114141,-1.1748987363610135,-0.007458473273479982,0.13375050547401524,SPY,-0.16990099528670843,False,normal
2026-02-17 00:00:00-05:00,678.287593220413,683.074507822494,673.9394826742099,680.9901733398438,81354700,0.0,0.0,0.0,0.0016134664707250224,-0.01599546897350146,-0.012737480569701143,0.009771838117095002,0.007696494077126577,-0.31174435259399463,38.57965980751449,0.016955285178501568,-1.2459460039114771,-0.005885258122560414,0.1317081933011495,SPY,-0.16139830846535225,False,normal
2026-02-18 00:00:00-05:00,682.157061237011,687.2730943282486,680.9702998190471,684.4208374023438,73570300,0.0,0.0,0.0,0.005037758541617032,-0.008423345022451123,0.012854573134794878,0.00967851481459718,0.007653759918020637,-0.5949892650954567,42.22451327272706,0.015269386687867642,-1.0116167120970827,-0.0009910665211738893,0.305816445134328,SPY,-0.1778788117755178,False,normal
2026-02-19 00:00:00-05:00,681.9775120282383,684.311104689823,679.6937101433548,682.61572265625,58649400,0.0,0.0,0.0,-0.0026374339404172664,-0.010810001878615916,-0.0013423509169427916,0.009591435614954888,0.007582301705395369,-1.221245469331393,41.91745720620497,0.015381604595055595,-0.9299967304020491,-0.0036493860536472135,0.20055403895096235,SPY,-0.1579324982402987,False,normal
2026-02-20 00:00:00-05:00,680.4616860592505,688.1805961724377,679.8732661615737,687.5523071289062,100034000,0.0,0.0,0.0,0.007231864589122949,0.011977600918759768,0.0006531643248806063,0.008778749217566568,0.007684186328094837,0.8012844422102068,47.95232535137831,0.015382383443993826,-0.51601149516043,0.0033278397653383877,0.4346639293304611,SPY,-0.17725867662913175,False,normal
2026-02-23 00:00:00-05:00,685.9566804858357,688.1207533479937,678.5169762252317,680.531494140625,90558100,0.0,0.0,0.0,-0.010211314710874664,0.0009388322678931527,-0.00992400006109262,0.0070483241757326185,0.007908180404182804,0.2686967530865106,40.07927698524214,0.015996662175447762,-0.6773250248107411,-0.006956835137457797,0.31801152327414856,SPY,-0.1582771312038011,False,normal
2026-02-24 00:00:00-05:00,680.0427976196477,686.4751816677359,678.1479481229125,685.4779052734375,73798700,0.0,0.0,0.0,0.00726845293039502,0.0065900098258160344,-0.007766387460976354,0.007316984189846948,0.007928850794560276,-0.6467252673465007,48.31524550177281,0.015792658590281894,-0.4255043065929949,0.00020848857443089014,0.37607748659261664,SPY,-0.1993848695455409,False,normal
2026-02-25 00:00:00-05:00,688.3002642742074,691.7907319065998,688.2204651135966,691.26220703125,56369500,0.0,0.0,0.0,0.008438348943581309,0.009995852339727218,-0.0033644339390276334,0.007848927261001115,0.00808219928755878,-1.5803819818379852,55.18169630678792,0.015404040325042395,0.12650212889265317,0.008472188960338085,0.4115610395743986,SPY,-0.15868920973497408,False,normal
2026-02-26 00:00:00-05:00,691.391808867856,691.4117130049051,682.486077089091,687.422607421875,71671000,0.0,0.0,0.0,-0.005554476391621099,0.0070418606048510135,-0.00880043869742908,0.008057403643915736,0.008137414997109215,-0.8188356374604924,59.3529125076192,0.014664692285590268,0.2232588408966079,0.0025920884719595216,0.36147979133506913,SPY,-0.17842362515030064,False,normal
2026-02-27 00:00:00-05:00,681.2295779636313,684.9892686841309,679.7835149777827,684.1216430664062,83308900,0.0,0.0,0.0,-0.004801943258527341,-0.004989677188090402,-0.011598756668874999,0.00636768557572269,0.008135169258100662,-0.1406587753608335,45.61140727752808,0.01414280488049083,0.06346729064379353,-0.002433144333658172,0.28239907715669277,SPY,-0.18300580076844558,False,normal
2026-03-02 00:00:00-05:00,676.8515442239554,686.744509644098,676.1734035367807,684.5106201171875,87477200,0.0,0.0,0.0,0.0005685787823312971,0.005847085712891609,-0.00807828657114873,0.006367841126281978,0.008118151365676233,0.13374488564201528,42.40115398495601,0.01385798833861831,-0.013408417740964101,-0.002141948155120538,0.39439783641787485,SPY,-0.1724423754303655,False,normal
2026-03-03 00:00:00-05:00,673.221445388408,680.7508704958498,667.8361281509542,678.4771118164062,105003100,0.0,0.0,0.0,-0.00881433848279567,-0.010213011102434666,-0.021684978551499756,0.007021091384180305,0.008267272091889268,1.0278699216375597,39.08948389252803,0.01345657284137939,-0.4441215816686185,-0.01125100267637858,0.22481959561202552,SPY,-0.15351357718270398,False,normal
2026-03-04 00:00:00-05:00,679.7735096903759,685.2186606854194,677.7689744100875,683.2639770507812,79182200,0.0,0.0,0.0,0.007055308353084655,-0.011570471955668737,-0.006381223754583387,0.007219224555986128,0.007475887581269454,-0.3323284895048755,44.179263586655516,0.013344639472455835,-0.38249130841771284,-0.004583303534958317,0.24485998095956601,SPY,-0.17019997619064625,False,normal
2026-03-05 00:00:00-05:00,680.2223290726917,683.6629449535216,673.7699188745959,679.4544067382812,106606500,0.0,0.0,0.0,-0.005575546846393831,-0.011591414942662248,-0.007111718718574189,0.007389678268575737,0.007245624858000964,1.231514960662892,50.0385759941709,0.013760742128608882,-0.5632331264825782,-0.010154004479557683,0.23652310985576852,SPY,-0.17390821278331986,False,normal
2026-03-06 00:00:00-05:00,671.5758690877306,674.2685275228549,667.9358467743081,670.5487060546875,100687000,0.0,0.0,0.0,-0.013107135070836495,-0.019839946812501674,-0.007733007438929351,0.007829555743616596,0.007541619190786677,0.9804250869928836,42.22408450435756,0.01553489238025205,-1.2103537036596026,-0.022774525883274225,0.18497873613752575,SPY,-0.15242942012235478,False,normal
2026-03-09 00:00:00-04:00,664.5750801817165,678.0681991431876,660.5859743093405,676.4227294921875,102667700,0.0,0.0,0.0,0.008760025013039074,-0.011815580923514868,-0.01788236753719774,0.008041842506677097,0.007738944308697664,1.029632686515465,46.47916612733097,0.0159592442215492,-1.1699022156205356,-0.013936267061967616,0.18543288509891082,SPY,-0.17136126838831106,False,normal
2026-03-10 00:00:00-04:00,675.87413967305,681.4987932365287,672.9222404542279,675.3356323242188,81505300,0.0,0.0,0.0,-0.0016071269053671289,-0.00463019229016759,-0.02416606261505383,0.007554883838213557,0.007668558408421879,-0.23351473312313142,42.73410651964017,0.015654688007304306,-1.1421904222323493,-0.015143006976903555,0.2315331667623946,SPY,-0.19223286879056728,False,normal
2026-03-11 00:00:00-04:00,675.7345715953234,678.2277626375325,671.5061293267642,674.4879760742188,68441700,0.0,0.0,0.0,-0.0012551629285171284,-0.012844231909375559,-0.022813896671170286,0.006718799444569087,0.007617026130009346,-1.0272805243008274,43.398738679029314,0.01560262087187087,-1.1060324776224457,-0.015979025097490874,0.20616662964603458,SPY,-0.1686370112969095,False,normal
2026-03-12 00:00:00-04:00,669.3319958917509,669.8207124533001,664.0564256954588,664.2459106445312,108882200,0.0,0.0,0.0,-0.015184948869363502,-0.022383394592667916,-0.03743000740478941,0.007816441913936533,0.008047933656041539,1.2478473561589773,32.57271636237297,0.01839779923272397,-1.6634844833116604,-0.030306485826305136,0.12551930746445472,SPY,-0.10713751525024218,False,normal
2026-03-13 00:00:00-04:00,667.4472371497842,670.5088831921612,659.5587462493693,660.4862060546875,97200200,0.0,0.0,0.0,-0.005660109501006372,-0.015006367038130297,-0.027859787084037357,0.00783827046629487,0.008084945309155541,0.6950932166275815,34.24272257548549,0.022664998801589592,-2.146296607980728,-0.035100541185606265,0.15455750268016233,SPY,-0.12693276613916987,False,normal
2026-03-16 00:00:00-04:00,666.5596317087426,670.239584206393,665.3030536555561,667.2078857421875,82023100,0.0,0.0,0.0,0.010176866111483163,-0.013622906724198747,-0.018657787648673096,0.008906132398624459,0.008355755715002758,-0.21793829146064428,36.02818857085139,0.024099912850337416,-1.8832267895808381,-0.02491465494273374,0.1433072611698257,SPY,-0.1392425008516504,False,normal
2026-03-17 00:00:00-04:00,670.5586914524959,672.60309589337,667.8760155087483,668.9630126953125,87128000,0.0,0.0,0.0,0.00263055486997521,-0.009436225965116618,-0.01766128369451403,0.00874141841868572,0.008308000960448229,0.08854507906856088,31.82699959480665,0.024943245697901063,-1.479104711926737,-0.02199670903815432,0.180188134909317,SPY,-0.14878624007503882,False,normal
2026-03-18 00:00:00-04:00,666.5396583763402,667.8959397089973,659.3892034355257,659.6285400390625,82062600,0.0,0.0,0.0,-0.013953645387120184,-0.02203069077916542,-0.03622376176823916,0.009010201512538242,0.008531945395171953,-0.26517118972752973,29.21081271963439,0.027461563693684903,-1.712099718811964,-0.03490356818169442,0.09820964718242323,SPY,-0.09632223838961135,False,normal
2026-03-19 00:00:00-04:00,655.1806813207687,661.1743225351036,653.3855958813168,658.0029907226562,111272500,0.0,0.0,0.0,-0.0024643404851918405,-0.009398507121884059,-0.03605649726000848,0.008983386381129242,0.008509381333398194,1.498084704367599,29.961752342834828,0.029949996683842316,-1.8363456883308746,-0.03638176047079195,0.1560556772782256,SPY,-0.11126577415108485,False,normal
2026-03-20 00:00:00-04:00,656.510009765625,656.6900024414062,644.719970703125,648.5700073242188,163617500,1.797,0.0,0.0,-0.01433577587250423,-0.018041555783047003,-0.05669721328908128,0.009141459974856998,0.008599523983769775,3.195995775973409,25.786480580354706,0.03389978070283143,-2.37998348926621,-0.04910611713141377,0.0917288898060075,SPY,-0.02006551982046001,False,normal
2026-03-23 00:00:00-04:00,658.0700073242188,662.6199951171875,653.9400024414062,655.3800048828125,134802700,0.0,0.0,0.0,0.01050001924493782,-0.017727429654429083,-0.03695859702947879,0.009408938889746738,0.008011055644059921,1.6668200004778024,34.60038723933425,0.035754672687540144,-2.1159760114135455,-0.03821213045473426,0.09627563678773071,SPY,-0.0844404565548626,False,normal
2026-03-24 00:00:00-04:00,651.3200073242188,657.030029296875,649.8800048828125,653.1799926757812,96457500,0.0,0.0,0.0,-0.0033568497522664664,-0.023593262587030095,-0.0471173649058354,0.009394032101454588,0.007922868264351707,0.04767934620542387,29.22538594420641,0.036890038434757896,-1.9297668646151767,-0.040342225639850876,0.07312280203687956,SPY,-0.09693080619564304,False,normal
2026-03-25 00:00:00-04:00,658.6699829101562,660.8900146484375,654.239990234375,656.8200073242188,90653800,0.0,0.0,0.0,0.0055727589473859585,-0.0042577489365112076,-0.04982508714739298,0.009797851621010715,0.008037314045100651,-0.28843806234551,34.33303816097528,0.035258257877785075,-1.424986396103919,-0.03395969858526511,0.15657151268931455,SPY,-0.12420026914330418,False,normal
2026-03-26 00:00:00-04:00,652.0599975585938,654.8499755859375,644.8200073242188,645.0900268554688,96494400,0.0,0.0,0.0,-0.017858744158138706,-0.019624475951098286,-0.06158159494516957,0.010207155039281981,0.008559558130963959,-0.0835434837505218,33.04119649177309,0.03649107217091172,-1.7246223701907182,-0.04990427878787027,0.06022297373375199,SPY,-0.07733342531004872,False,normal
2026-03-27 00:00:00-04:00,642.5,642.6599731445312,633.1099853515625,634.0900268554688,103649400,0.0,0.0,0.0,-0.017051883523327982,-0.022326009999274476,-0.0731326317739096,0.01114513216251694,0.008649589128607341,0.20726258645120255,23.603544900516226,0.04084592328188502,-2.462227162090075,-0.06460659226749,0.04448469251626827,SPY,-0.0012956050242686201,False,normal
2026-03-30 00:00:00-04:00,640.1099853515625,640.3699951171875,629.280029296875,631.969970703125,99275900,0.0,0.0,0.0,-0.0033434623831846144,-0.035719787001853076,-0.07675651461049293,0.009992841534928104,0.008633268417179558,-0.029011715570818,23.30335154783903,0.04406571858162073,-2.8633666771538184,-0.06612539859982791,0.03240326114529131,SPY,0.02133239285010302,True,multivariate
2026-03-31 00:00:00-04:00,638.9400024414062,651.5399780273438,637.97998046875,650.3400268554688,152534100,0.0,0.0,0.0,0.02906792569891481,-0.004347906935542323,-0.04147094201248647,0.014721775500560922,0.010356270655022972,2.1001172072426804,37.772162409404444,0.0432181214560247,-1.7184305883776325,-0.03785821338631166,0.12109803632928823,SPY,0.08178273272875847,True,multivariate
2026-04-01 00:00:00-04:00,653.9000244140625,658.52001953125,653.0,655.239990234375,97841500,0.0,0.0,0.0,0.007534463782890022,-0.002405555665517034,-0.04101487530100456,0.014466300122598105,0.010420305871367008,-0.2290678586700485,45.17882266311589,0.04029728684654572,-0.520176906561689,-0.030020784491824323,0.1496757737421638,SPY,-0.0837959711567508,False,normal
2026-04-02 00:00:00-04:00,646.4199829101562,658.2000122070312,645.1099853515625,655.8300170898438,68358700,0.0,0.0,0.0,0.0009004744280911581,0.01664882386529487,-0.03476964666672233,0.014456564352861509,0.01042582482896757,-1.3387920865410954,47.419819829525565,0.03773487994089215,0.3748162798798127,-0.028350390609264715,0.3429034953172187,SPY,-0.07257790975612177,False,normal
2026-04-06 00:00:00-04:00,655.8599853515625,659.719970703125,655.52001953125,658.9299926757812,39105800,0.0,0.0,0.0,0.004726797348638012,0.03917419414952317,-0.017327172916740574,0.013623753775001721,0.010365147619600697,-2.09180996179667,45.221069359683106,0.03671417649150185,1.1921394233745364,-0.022941938403603337,0.4346424617449818,SPY,-0.02100227690033285,False,normal
2026-04-07 00:00:00-04:00,656.6500244140625,659.6099853515625,651.0599975585938,659.219970703125,69980400,0.0,0.0,0.0,0.0004400741058487867,0.04311913740091455,-0.025431964419612485,0.01326593853894921,0.010233248320738976,-0.9193762546361949,44.27842899262185,0.03422052501090173,1.735890452510997,-0.021695757461891074,0.42386424424679664,SPY,-0.04194215414132363,False,normal
2026-04-08 00:00:00-04:00,676.3900146484375,677.0800170898438,671.4600219726562,676.010009765625,93606100,0.0,0.0,0.0,0.025469554638327674,0.03947163306905166,0.0009985811633916875,0.015275132178943272,0.011231781772413815,-0.12411632474979627,58.84541661822162,0.03440113422912911,3.1287063555236703,0.0036630893419011,0.4831654261469058,SPY,0.05432914651898069,True,multivariate
2026-04-09 00:00:00-04:00,674.8400268554688,681.1599731445312,673.77001953125,679.9099731445312,57134400,0.0,0.0,0.0,0.00576909117108837,0.03765030107721601,0.008038686029468778,0.015278152796267841,0.011169730657916549,-1.342151378640654,61.54541944536989,0.035920152525612835,4.150940489990587,0.009863703889097806,0.52064195966635,SPY,-0.00933903359927768,False,normal
2026-04-10 00:00:00-04:00,681.3200073242188,682.030029296875,678.4500122070312,679.4600219726562,42253500,0.0,0.0,0.0,-0.0006617805145495703,0.03603068518831676,0.022904335705073997,0.013458157876644778,0.01112890540690392,-1.6128247868452688,67.98230839512635,0.038758806493507054,4.600251731341165,0.009617253672345354,0.6261596986827227,SPY,6.818973811939522e-05,True,multivariate
2026-04-13 00:00:00-04:00,677.4099731445312,686.2999877929688,676.5800170898438,686.0999755859375,54185800,0.0,0.0,0.0,0.009772397784351794,0.0412334894634625,0.038780173297259246,0.01095109104609682,0.011244408178141138,-1.126330818564897,67.91879443735496,0.04321269467547238,5.108888620771749,0.019666958597645882,0.7289868044447542,SPY,-0.019137358332932175,False,normal
2026-04-14 00:00:00-04:00,687.6900024414062,694.5800170898438,687.6599731445312,694.4600219726562,63480500,0.0,0.0,0.0,0.01218488075237012,0.053457196134310214,0.04084504516932386,0.010247337743131094,0.011457062546933251,-0.801702178437889,72.46409832543831,0.04915598680936576,5.726174202625247,0.031957291901039624,0.7555603456018395,SPY,0.035773738269308075,True,multivariate
2026-04-15 00:00:00-04:00,695.260009765625,700.280029296875,694.2000122070312,699.9400024414062,58240400,0.0,0.0,0.0,0.007890994867038925,0.035398873286029975,0.04630598277965281,0.007606823150130549,0.011392299620984921,-0.8952634967165184,73.00469941104473,0.05567023322713642,6.182349361978176,0.03990192382272094,0.8284796875020537,SPY,-0.011918731613581368,False,normal
2026-04-16 00:00:00-04:00,701.0599975585938,702.780029296875,698.530029296875,701.6599731445312,49972400,0.0,0.0,0.0,0.002457311622604319,0.03198952928930865,0.06371985224135335,0.007764846214449945,0.011340244239065666,-1.0575847062289785,83.7892561602305,0.06155837383986512,6.259584310157908,0.0420235631536703,0.8456374580451091,SPY,-0.003064108080968353,False,normal
2026-04-17 00:00:00-04:00,706.1400146484375,712.3900146484375,705.760009765625,710.1400146484375,70661900,0.0,0.0,0.0,0.012085685130224011,0.045153492013715546,0.07923523853367498,0.007609452951216035,0.011447827439053402,-0.41468454912805636,96.83457659749385,0.0684580269215408,6.512403158579096,0.05380900297162776,0.8821107981516847,SPY,0.08287796691521376,True,rsi_extreme
2026-04-20 00:00:00-04:00,708.780029296875,709.9099731445312,706.1400146484375,708.719970703125,43546800,0.0,0.0,0.0,-0.001999667552905704,0.032968949019229754,0.09274243751582767,0.008206166748640071,0.011133179439821977,-1.15787167654025,97.67673579606968,0.07238043606944543,6.215378003162178,0.05067440023734435,0.8536855244071114,SPY,0.04349949220597127,True,rsi_extreme
2026-04-21 00:00:00-04:00,710.280029296875,711.280029296875,702.6400146484375,704.0800170898438,58941400,0.0,0.0,0.0,-0.006546949154936255,0.013852482234846697,0.07430805310537236,0.009107012079084934,0.011158998752366981,-0.5839761533939927,90.24871226144879,0.07486349774457209,5.3696386114212995,0.04332112386561785,0.74374660187837,SPY,0.05518077776719432,True,rsi_extreme
2026-04-22 00:00:00-04:00,709.1500244140625,711.4500122070312,708.219970703125,711.2100219726562,41070592,0.0,0.0,0.0,0.010126696838070659,0.01610140796631132,0.08884232515933688,0.006502731488442249,0.011255306853187246,-1.101547971762127,90.56391444561532,0.07760316254510272,4.9632035850367675,0.05328873870620255,0.8332850969831034,SPY,0.03464315444670152,True,rsi_extreme
